seqnames,start,strand,altchr,altpos,altstrand,dcc_project_code,sv_id,sid,donor_unique_id,weights,topo,topo_n,mech,homseq
1,8016089,-,1,181561414,-,TCGA-THCA,0,TCGA-4C-A93U-01A,TCGA-4C-A93U-01A,1,0,0,0,0
8,5566744,+,8,5578580,-,TCGA-THCA,1,TCGA-4C-A93U-01A,TCGA-4C-A93U-01A,1,0,0,0,0
16,59447581,-,16,59543286,+,TCGA-THCA,2,TCGA-4C-A93U-01A,TCGA-4C-A93U-01A,1,0,0,0,0
2,113235705,-,3,12338698,-,TCGA-THCA,3,TCGA-BJ-A0YZ-01A,TCGA-BJ-A0YZ-01A,1,0,0,0,0
2,113235706,+,3,12338688,+,TCGA-THCA,4,TCGA-BJ-A0YZ-01A,TCGA-BJ-A0YZ-01A,1,0,0,0,0
6,44742214,+,6,44744629,+,TCGA-THCA,5,TCGA-BJ-A0YZ-01A,TCGA-BJ-A0YZ-01A,1,0,0,0,0
6,44742215,-,6,44744629,-,TCGA-THCA,6,TCGA-BJ-A0YZ-01A,TCGA-BJ-A0YZ-01A,1,0,0,0,0
19,988152,-,19,37512853,-,TCGA-THCA,7,TCGA-BJ-A0YZ-01A,TCGA-BJ-A0YZ-01A,1,0,0,0,0
19,23993842,-,19,47751011,-,TCGA-THCA,8,TCGA-BJ-A0YZ-01A,TCGA-BJ-A0YZ-01A,1,0,0,0,0
19,37496579,+,19,43201730,-,TCGA-THCA,9,TCGA-BJ-A0YZ-01A,TCGA-BJ-A0YZ-01A,1,0,0,0,0
19,37500214,+,19,38114255,-,TCGA-THCA,10,TCGA-BJ-A0YZ-01A,TCGA-BJ-A0YZ-01A,1,0,0,0,0
19,38298907,-,19,45589599,-,TCGA-THCA,11,TCGA-BJ-A0YZ-01A,TCGA-BJ-A0YZ-01A,1,0,0,0,0
19,43200554,+,19,56788044,+,TCGA-THCA,12,TCGA-BJ-A0YZ-01A,TCGA-BJ-A0YZ-01A,1,0,0,0,0
22,15940556,+,22,15950476,-,TCGA-THCA,13,TCGA-BJ-A0YZ-01A,TCGA-BJ-A0YZ-01A,1,0,0,0,0
4,9763176,+,11,76121461,+,TCGA-THCA,14,TCGA-BJ-A0Z0-01A,TCGA-BJ-A0Z0-01A,1,0,0,0,0
5,153466005,+,23,26483024,+,TCGA-THCA,15,TCGA-BJ-A0Z0-01A,TCGA-BJ-A0Z0-01A,1,0,0,0,0
10,121482347,-,23,13735362,-,TCGA-THCA,16,TCGA-BJ-A0Z0-01A,TCGA-BJ-A0Z0-01A,1,0,0,0,0
7,110053640,-,11,23987664,+,TCGA-THCA,17,TCGA-BJ-A0Z2-01A,TCGA-BJ-A0Z2-01A,1,0,0,0,0
19,21851340,+,19,53730056,+,TCGA-THCA,18,TCGA-BJ-A0Z2-01A,TCGA-BJ-A0Z2-01A,1,0,0,0,0
19,21851341,-,19,53730054,-,TCGA-THCA,19,TCGA-BJ-A0Z2-01A,TCGA-BJ-A0Z2-01A,1,0,0,0,0
23,130049900,+,23,130128143,-,TCGA-THCA,20,TCGA-BJ-A0Z2-01A,TCGA-BJ-A0Z2-01A,1,0,0,0,0
1,2197418,-,1,2331005,+,TCGA-THCA,21,TCGA-BJ-A0Z9-01A,TCGA-BJ-A0Z9-01A,1,0,0,0,0
1,122076408,-,1,122122017,+,TCGA-THCA,22,TCGA-BJ-A0Z9-01A,TCGA-BJ-A0Z9-01A,1,0,0,0,0
1,85403443,+,10,49513799,-,TCGA-THCA,23,TCGA-BJ-A0ZC-01A,TCGA-BJ-A0ZC-01A,1,0,0,0,0
1,85435294,-,10,91871659,+,TCGA-THCA,24,TCGA-BJ-A0ZC-01A,TCGA-BJ-A0ZC-01A,1,0,0,0,0
1,102106183,-,6,65630712,+,TCGA-THCA,25,TCGA-BJ-A0ZC-01A,TCGA-BJ-A0ZC-01A,1,0,0,0,0
1,104229655,+,10,91800156,-,TCGA-THCA,26,TCGA-BJ-A0ZC-01A,TCGA-BJ-A0ZC-01A,1,0,0,0,0
1,104229825,-,10,91800151,-,TCGA-THCA,27,TCGA-BJ-A0ZC-01A,TCGA-BJ-A0ZC-01A,1,0,0,0,0
10,49513826,+,10,91871803,-,TCGA-THCA,28,TCGA-BJ-A0ZC-01A,TCGA-BJ-A0ZC-01A,1,0,0,0,0
10,49557988,+,10,50048369,-,TCGA-THCA,29,TCGA-BJ-A0ZC-01A,TCGA-BJ-A0ZC-01A,1,0,0,0,0
10,68343619,-,10,87865515,-,TCGA-THCA,30,TCGA-BJ-A0ZC-01A,TCGA-BJ-A0ZC-01A,1,0,0,0,0
10,68343702,+,10,87865317,+,TCGA-THCA,31,TCGA-BJ-A0ZC-01A,TCGA-BJ-A0ZC-01A,1,0,0,0,0
17,19563401,+,17,19565783,-,TCGA-THCA,32,TCGA-BJ-A18Y-01A,TCGA-BJ-A18Y-01A,1,0,0,0,0
20,26259990,-,20,30185137,-,TCGA-THCA,33,TCGA-BJ-A191-01A,TCGA-BJ-A191-01A,1,0,0,0,0
15,17042464,+,20,28934170,+,TCGA-THCA,34,TCGA-BJ-A28S-01A,TCGA-BJ-A28S-01A,1,0,0,0,0
1,122033576,-,1,122069329,+,TCGA-THCA,35,TCGA-BJ-A28T-01A,TCGA-BJ-A28T-01A,1,0,0,0,0
2,43377618,-,7,23485090,+,TCGA-THCA,36,TCGA-BJ-A28V-01A,TCGA-BJ-A28V-01A,1,0,0,0,0
2,43377623,+,7,23485089,-,TCGA-THCA,37,TCGA-BJ-A28V-01A,TCGA-BJ-A28V-01A,1,0,0,0,0
6,97868784,-,6,98040800,-,TCGA-THCA,38,TCGA-BJ-A28V-01A,TCGA-BJ-A28V-01A,1,0,0,0,0
6,97868786,+,6,98040802,+,TCGA-THCA,39,TCGA-BJ-A28V-01A,TCGA-BJ-A28V-01A,1,0,0,0,0
18,15355979,+,22,16107018,+,TCGA-THCA,40,TCGA-BJ-A28X-01A,TCGA-BJ-A28X-01A,1,0,0,0,0
18,16860002,+,18,18616930,-,TCGA-THCA,41,TCGA-BJ-A2P4-01A,TCGA-BJ-A2P4-01A,1,0,0,0,0
2,25264508,-,4,26326037,+,TCGA-THCA,42,TCGA-BJ-A3EZ-01A,TCGA-BJ-A3EZ-01A,1,0,0,0,0
10,29721601,-,10,30023542,+,TCGA-THCA,43,TCGA-BJ-A3F0-01A,TCGA-BJ-A3F0-01A,1,0,0,0,0
8,13622551,+,23,135115029,+,TCGA-THCA,44,TCGA-BJ-A3PU-01A,TCGA-BJ-A3PU-01A,1,0,0,0,0
2,43269293,-,7,23475385,+,TCGA-THCA,45,TCGA-BJ-A45K-01A,TCGA-BJ-A45K-01A,1,0,0,0,0
2,43269421,+,7,23475697,-,TCGA-THCA,46,TCGA-BJ-A45K-01A,TCGA-BJ-A45K-01A,1,0,0,0,0
5,1310832,+,5,32261255,-,TCGA-THCA,47,TCGA-BJ-A4O9-01A,TCGA-BJ-A4O9-01A,1,0,0,0,0
6,105721541,+,10,7944629,+,TCGA-THCA,48,TCGA-CE-A13K-01A,TCGA-CE-A13K-01A,1,0,0,0,0
6,105724421,+,10,8721424,-,TCGA-THCA,49,TCGA-CE-A13K-01A,TCGA-CE-A13K-01A,1,0,0,0,0
6,105724504,-,6,159228446,-,TCGA-THCA,50,TCGA-CE-A13K-01A,TCGA-CE-A13K-01A,1,0,0,0,0
6,149030092,+,6,159226957,-,TCGA-THCA,51,TCGA-CE-A13K-01A,TCGA-CE-A13K-01A,1,0,0,0,0
6,149030770,-,6,159226382,-,TCGA-THCA,52,TCGA-CE-A13K-01A,TCGA-CE-A13K-01A,1,0,0,0,0
6,149031524,+,10,59793111,+,TCGA-THCA,53,TCGA-CE-A13K-01A,TCGA-CE-A13K-01A,1,0,0,0,0
6,149032244,-,6,154775257,-,TCGA-THCA,54,TCGA-CE-A13K-01A,TCGA-CE-A13K-01A,1,0,0,0,0
6,154775186,+,6,157310408,-,TCGA-THCA,55,TCGA-CE-A13K-01A,TCGA-CE-A13K-01A,1,0,0,0,0
6,157310407,+,6,157452331,+,TCGA-THCA,56,TCGA-CE-A13K-01A,TCGA-CE-A13K-01A,1,0,0,0,0
6,157452374,-,10,7943857,-,TCGA-THCA,57,TCGA-CE-A13K-01A,TCGA-CE-A13K-01A,1,0,0,0,0
6,159228993,-,6,159231582,-,TCGA-THCA,58,TCGA-CE-A13K-01A,TCGA-CE-A13K-01A,1,0,0,0,0
10,7919235,+,10,8721121,+,TCGA-THCA,59,TCGA-CE-A13K-01A,TCGA-CE-A13K-01A,1,0,0,0,0
10,7919240,-,10,7939507,-,TCGA-THCA,60,TCGA-CE-A13K-01A,TCGA-CE-A13K-01A,1,0,0,0,0
10,7920343,-,10,43114610,+,TCGA-THCA,61,TCGA-CE-A13K-01A,TCGA-CE-A13K-01A,1,0,0,0,0
10,7939489,+,10,59792506,+,TCGA-THCA,62,TCGA-CE-A13K-01A,TCGA-CE-A13K-01A,1,0,0,0,0
10,43114696,-,10,59793116,-,TCGA-THCA,63,TCGA-CE-A13K-01A,TCGA-CE-A13K-01A,1,0,0,0,0
13,41778495,+,13,41806109,-,TCGA-THCA,64,TCGA-CE-A13K-01A,TCGA-CE-A13K-01A,1,0,0,0,0
13,41778507,-,23,113675053,+,TCGA-THCA,65,TCGA-CE-A13K-01A,TCGA-CE-A13K-01A,1,0,0,0,0
13,41806512,+,23,113806896,+,TCGA-THCA,66,TCGA-CE-A13K-01A,TCGA-CE-A13K-01A,1,0,0,0,0
13,41806516,-,23,113672308,-,TCGA-THCA,67,TCGA-CE-A13K-01A,TCGA-CE-A13K-01A,1,0,0,0,0
23,113805278,-,23,113806922,-,TCGA-THCA,68,TCGA-CE-A13K-01A,TCGA-CE-A13K-01A,1,0,0,0,0
12,11858391,+,15,88052877,+,TCGA-THCA,69,TCGA-CE-A27D-01A,TCGA-CE-A27D-01A,1,0,0,0,0
12,19377131,+,12,21264304,-,TCGA-THCA,70,TCGA-CE-A27D-01A,TCGA-CE-A27D-01A,1,0,0,0,0
12,19377138,-,12,24597974,-,TCGA-THCA,71,TCGA-CE-A27D-01A,TCGA-CE-A27D-01A,1,0,0,0,0
15,88052888,-,15,88109949,-,TCGA-THCA,72,TCGA-CE-A27D-01A,TCGA-CE-A27D-01A,1,0,0,0,0
15,88076333,+,15,88103341,-,TCGA-THCA,73,TCGA-CE-A27D-01A,TCGA-CE-A27D-01A,1,0,0,0,0
10,43115586,+,10,46011580,+,TCGA-THCA,74,TCGA-CE-A482-01A,TCGA-CE-A482-01A,1,0,0,0,0
19,34869601,+,23,1930948,-,TCGA-THCA,75,TCGA-CE-A483-01A,TCGA-CE-A483-01A,1,0,0,0,0
1,172769088,-,7,91080643,-,TCGA-THCA,76,TCGA-CE-A484-01A,TCGA-CE-A484-01A,1,0,0,0,0
1,172769091,+,14,56935066,+,TCGA-THCA,77,TCGA-CE-A484-01A,TCGA-CE-A484-01A,1,0,0,0,0
1,213145684,+,14,56149224,+,TCGA-THCA,78,TCGA-CE-A484-01A,TCGA-CE-A484-01A,1,0,0,0,0
1,213145693,-,7,36632631,-,TCGA-THCA,79,TCGA-CE-A484-01A,TCGA-CE-A484-01A,1,0,0,0,0
5,91962914,+,5,94209510,-,TCGA-THCA,80,TCGA-CE-A484-01A,TCGA-CE-A484-01A,1,0,0,0,0
7,36602043,+,7,128317254,-,TCGA-THCA,81,TCGA-CE-A484-01A,TCGA-CE-A484-01A,1,0,0,0,0
7,36602046,-,7,127759906,-,TCGA-THCA,82,TCGA-CE-A484-01A,TCGA-CE-A484-01A,1,0,0,0,0
7,36632489,+,14,56926543,-,TCGA-THCA,83,TCGA-CE-A484-01A,TCGA-CE-A484-01A,1,0,0,0,0
7,36934239,-,14,57012413,+,TCGA-THCA,84,TCGA-CE-A484-01A,TCGA-CE-A484-01A,1,0,0,0,0
7,36934240,+,14,56935085,-,TCGA-THCA,85,TCGA-CE-A484-01A,TCGA-CE-A484-01A,1,0,0,0,0
7,91079246,+,7,140791851,-,TCGA-THCA,86,TCGA-CE-A484-01A,TCGA-CE-A484-01A,1,0,0,0,0
7,91079252,-,14,56934058,+,TCGA-THCA,87,TCGA-CE-A484-01A,TCGA-CE-A484-01A,1,0,0,0,0
7,91080639,+,14,57012829,-,TCGA-THCA,88,TCGA-CE-A484-01A,TCGA-CE-A484-01A,1,0,0,0,0
7,127759888,+,7,140791844,+,TCGA-THCA,89,TCGA-CE-A484-01A,TCGA-CE-A484-01A,1,0,0,0,0
7,128317182,+,7,141424073,+,TCGA-THCA,90,TCGA-CE-A484-01A,TCGA-CE-A484-01A,1,0,0,0,0
7,141424440,-,7,141456767,-,TCGA-THCA,91,TCGA-CE-A484-01A,TCGA-CE-A484-01A,1,0,0,0,0
7,141456683,+,14,56934067,-,TCGA-THCA,92,TCGA-CE-A484-01A,TCGA-CE-A484-01A,1,0,0,0,0
7,152921163,+,14,56926333,+,TCGA-THCA,93,TCGA-CE-A484-01A,TCGA-CE-A484-01A,1,0,0,0,0
7,152921192,-,14,56149240,-,TCGA-THCA,94,TCGA-CE-A484-01A,TCGA-CE-A484-01A,1,0,0,0,0
9,95383838,+,9,98859031,-,TCGA-THCA,95,TCGA-CE-A484-01A,TCGA-CE-A484-01A,1,0,0,0,0
10,43114606,+,22,24342700,-,TCGA-THCA,96,TCGA-CE-A485-01A,TCGA-CE-A485-01A,1,0,0,0,0
10,43114607,-,22,24342697,+,TCGA-THCA,97,TCGA-CE-A485-01A,TCGA-CE-A485-01A,1,0,0,0,0
1,39431313,+,7,140788547,+,TCGA-THCA,98,TCGA-DE-A0Y2-01A,TCGA-DE-A0Y2-01A,1,0,0,0,0
1,39431418,-,7,140790409,-,TCGA-THCA,99,TCGA-DE-A0Y2-01A,TCGA-DE-A0Y2-01A,1,0,0,0,0
7,140790026,-,14,103692013,-,TCGA-THCA,100,TCGA-DE-A0Y2-01A,TCGA-DE-A0Y2-01A,1,0,0,0,0
7,140790129,+,14,103691984,+,TCGA-THCA,101,TCGA-DE-A0Y2-01A,TCGA-DE-A0Y2-01A,1,0,0,0,0
2,43343882,+,7,23494334,-,TCGA-THCA,102,TCGA-DE-A2OL-01A,TCGA-DE-A2OL-01A,1,0,0,0,0
2,43343906,-,7,23494307,+,TCGA-THCA,103,TCGA-DE-A2OL-01A,TCGA-DE-A2OL-01A,1,0,0,0,0
23,7282506,-,23,7584009,+,TCGA-THCA,104,TCGA-DE-A2OL-01A,TCGA-DE-A2OL-01A,1,0,0,0,0
7,16383457,+,7,18756267,+,TCGA-THCA,105,TCGA-DE-A3KN-01A,TCGA-DE-A3KN-01A,1,0,0,0,0
7,16388018,-,7,18766178,-,TCGA-THCA,106,TCGA-DE-A3KN-01A,TCGA-DE-A3KN-01A,1,0,0,0,0
7,17514192,+,7,17523676,-,TCGA-THCA,107,TCGA-DE-A3KN-01A,TCGA-DE-A3KN-01A,1,0,0,0,0
7,17538811,+,7,18258389,+,TCGA-THCA,108,TCGA-DE-A3KN-01A,TCGA-DE-A3KN-01A,1,0,0,0,0
7,17552203,-,7,18274655,-,TCGA-THCA,109,TCGA-DE-A3KN-01A,TCGA-DE-A3KN-01A,1,0,0,0,0
10,42870874,+,10,48357890,+,TCGA-THCA,110,TCGA-DE-A3KN-01A,TCGA-DE-A3KN-01A,1,0,0,0,0
10,43004176,-,10,45170483,-,TCGA-THCA,111,TCGA-DE-A3KN-01A,TCGA-DE-A3KN-01A,1,0,0,0,0
10,43030835,+,10,45157929,+,TCGA-THCA,112,TCGA-DE-A3KN-01A,TCGA-DE-A3KN-01A,1,0,0,0,0
10,43059046,-,10,43612991,+,TCGA-THCA,113,TCGA-DE-A3KN-01A,TCGA-DE-A3KN-01A,1,0,0,0,0
10,43090660,+,10,47150839,-,TCGA-THCA,114,TCGA-DE-A3KN-01A,TCGA-DE-A3KN-01A,1,0,0,0,0
10,43186158,+,10,43647887,+,TCGA-THCA,115,TCGA-DE-A3KN-01A,TCGA-DE-A3KN-01A,1,0,0,0,0
10,43340039,-,10,46878715,-,TCGA-THCA,116,TCGA-DE-A3KN-01A,TCGA-DE-A3KN-01A,1,0,0,0,0
10,43372583,+,10,47738697,+,TCGA-THCA,117,TCGA-DE-A3KN-01A,TCGA-DE-A3KN-01A,1,0,0,0,0
10,43589929,-,10,45086228,+,TCGA-THCA,118,TCGA-DE-A3KN-01A,TCGA-DE-A3KN-01A,1,0,0,0,0
10,43640739,-,10,43950958,+,TCGA-THCA,119,TCGA-DE-A3KN-01A,TCGA-DE-A3KN-01A,1,0,0,0,0
10,43762567,-,10,46988505,-,TCGA-THCA,120,TCGA-DE-A3KN-01A,TCGA-DE-A3KN-01A,1,0,0,0,0
10,43974031,-,10,44536063,-,TCGA-THCA,121,TCGA-DE-A3KN-01A,TCGA-DE-A3KN-01A,1,0,0,0,0
10,45050231,-,10,47001889,+,TCGA-THCA,122,TCGA-DE-A3KN-01A,TCGA-DE-A3KN-01A,1,0,0,0,0
10,45098284,-,10,47310636,-,TCGA-THCA,123,TCGA-DE-A3KN-01A,TCGA-DE-A3KN-01A,1,0,0,0,0
10,46079558,+,10,46899029,+,TCGA-THCA,124,TCGA-DE-A3KN-01A,TCGA-DE-A3KN-01A,1,0,0,0,0
10,48252097,-,10,94019384,+,TCGA-THCA,125,TCGA-DE-A3KN-01A,TCGA-DE-A3KN-01A,1,0,0,0,0
10,93586076,-,10,94019922,-,TCGA-THCA,126,TCGA-DE-A3KN-01A,TCGA-DE-A3KN-01A,1,0,0,0,0
11,17250371,+,11,18442795,-,TCGA-THCA,127,TCGA-DE-A3KN-01A,TCGA-DE-A3KN-01A,1,0,0,0,0
15,23062351,+,15,26912931,-,TCGA-THCA,128,TCGA-DE-A3KN-01A,TCGA-DE-A3KN-01A,1,0,0,0,0
15,23063228,-,15,26912507,+,TCGA-THCA,129,TCGA-DE-A3KN-01A,TCGA-DE-A3KN-01A,1,0,0,0,0
15,24195962,+,15,27202056,-,TCGA-THCA,130,TCGA-DE-A3KN-01A,TCGA-DE-A3KN-01A,1,0,0,0,0
15,24196745,-,15,27201670,+,TCGA-THCA,131,TCGA-DE-A3KN-01A,TCGA-DE-A3KN-01A,1,0,0,0,0
15,24201277,+,15,24204052,-,TCGA-THCA,132,TCGA-DE-A3KN-01A,TCGA-DE-A3KN-01A,1,0,0,0,0
11,132945846,-,12,9758991,+,TCGA-THCA,133,TCGA-DE-A4M8-01A,TCGA-DE-A4M8-01A,1,0,0,0,0
2,113231009,-,3,12368081,-,TCGA-THCA,134,TCGA-DE-A4M9-01A,TCGA-DE-A4M9-01A,1,0,0,0,0
12,65462316,-,12,65840603,+,TCGA-THCA,135,TCGA-DE-A4MD-01A,TCGA-DE-A4MD-01A,1,0,0,0,0
10,43115538,+,10,77825245,+,TCGA-THCA,136,TCGA-DE-A69K-01A,TCGA-DE-A69K-01A,1,0,0,0,0
10,43115550,-,10,77825251,-,TCGA-THCA,137,TCGA-DE-A69K-01A,TCGA-DE-A69K-01A,1,0,0,0,0
1,7241277,-,6,24804290,-,TCGA-THCA,138,TCGA-DJ-A13L-01A,TCGA-DJ-A13L-01A,1,0,0,0,0
1,7241288,+,6,24804553,+,TCGA-THCA,139,TCGA-DJ-A13L-01A,TCGA-DJ-A13L-01A,1,0,0,0,0
23,121273340,+,23,121279802,-,TCGA-THCA,140,TCGA-DJ-A13L-01A,TCGA-DJ-A13L-01A,1,0,0,0,0
2,43314715,+,8,8226902,+,TCGA-THCA,141,TCGA-DJ-A13W-01A,TCGA-DJ-A13W-01A,1,0,0,0,0
2,43314776,-,12,124923627,-,TCGA-THCA,142,TCGA-DJ-A13W-01A,TCGA-DJ-A13W-01A,1,0,0,0,0
7,23488043,+,12,124936767,+,TCGA-THCA,143,TCGA-DJ-A13W-01A,TCGA-DJ-A13W-01A,1,0,0,0,0
7,23488071,-,7,147752927,-,TCGA-THCA,144,TCGA-DJ-A13W-01A,TCGA-DJ-A13W-01A,1,0,0,0,0
7,147752288,+,12,124936894,-,TCGA-THCA,145,TCGA-DJ-A13W-01A,TCGA-DJ-A13W-01A,1,0,0,0,0
8,8227085,-,8,39978824,-,TCGA-THCA,146,TCGA-DJ-A13W-01A,TCGA-DJ-A13W-01A,1,0,0,0,0
8,39978727,+,9,136481470,+,TCGA-THCA,147,TCGA-DJ-A13W-01A,TCGA-DJ-A13W-01A,1,0,0,0,0
9,136481489,-,12,124923442,+,TCGA-THCA,148,TCGA-DJ-A13W-01A,TCGA-DJ-A13W-01A,1,0,0,0,0
5,71574662,-,6,32476846,-,TCGA-THCA,149,TCGA-DJ-A1QE-01A,TCGA-DJ-A1QE-01A,1,0,0,0,0
2,43307623,+,8,132977587,+,TCGA-THCA,150,TCGA-DJ-A1QL-01A,TCGA-DJ-A1QL-01A,1,0,0,0,0
2,43307862,-,7,23486778,+,TCGA-THCA,151,TCGA-DJ-A1QL-01A,TCGA-DJ-A1QL-01A,1,0,0,0,0
2,45998386,+,7,23486878,-,TCGA-THCA,152,TCGA-DJ-A1QL-01A,TCGA-DJ-A1QL-01A,1,0,0,0,0
2,45998570,-,8,133035207,-,TCGA-THCA,153,TCGA-DJ-A1QL-01A,TCGA-DJ-A1QL-01A,1,0,0,0,0
5,1021595,-,22,23343578,+,TCGA-THCA,154,TCGA-DJ-A1QN-01A,TCGA-DJ-A1QN-01A,1,0,0,0,0
5,1022320,+,19,22162952,-,TCGA-THCA,155,TCGA-DJ-A1QN-01A,TCGA-DJ-A1QN-01A,1,0,0,0,0
13,39661529,+,19,22162991,+,TCGA-THCA,156,TCGA-DJ-A1QN-01A,TCGA-DJ-A1QN-01A,1,0,0,0,0
12,90090779,-,12,90093149,+,TCGA-THCA,157,TCGA-DJ-A1QO-01A,TCGA-DJ-A1QO-01A,1,0,0,0,0
8,13622531,+,23,135115029,+,TCGA-THCA,158,TCGA-DJ-A2PO-01A,TCGA-DJ-A2PO-01A,1,0,0,0,0
19,30007638,+,19,30011093,-,TCGA-THCA,159,TCGA-DJ-A2PV-01A,TCGA-DJ-A2PV-01A,1,0,0,0,0
1,74928818,+,1,75441877,-,TCGA-THCA,160,TCGA-DJ-A2Q1-01A,TCGA-DJ-A2Q1-01A,1,0,0,0,0
1,124808959,-,1,124813497,+,TCGA-THCA,161,TCGA-DJ-A2Q1-01A,TCGA-DJ-A2Q1-01A,1,0,0,0,0
10,43116278,+,10,55801742,-,TCGA-THCA,162,TCGA-DJ-A2Q1-01A,TCGA-DJ-A2Q1-01A,1,0,0,0,0
10,55801348,+,10,59871383,+,TCGA-THCA,163,TCGA-DJ-A2Q1-01A,TCGA-DJ-A2Q1-01A,1,0,0,0,0
4,189484356,+,10,6801837,-,TCGA-THCA,164,TCGA-DJ-A2Q2-01A,TCGA-DJ-A2Q2-01A,1,0,0,0,0
13,18800903,-,21,13899411,+,TCGA-THCA,165,TCGA-DJ-A2Q2-01A,TCGA-DJ-A2Q2-01A,1,0,0,0,0
2,95424305,-,2,113294780,-,TCGA-THCA,166,TCGA-DJ-A2Q4-01A,TCGA-DJ-A2Q4-01A,1,0,0,0,0
7,138530828,+,7,140793745,+,TCGA-THCA,167,TCGA-DJ-A2Q8-01A,TCGA-DJ-A2Q8-01A,1,0,0,0,0
7,138610467,-,7,140850124,-,TCGA-THCA,168,TCGA-DJ-A2Q8-01A,TCGA-DJ-A2Q8-01A,1,0,0,0,0
10,85563149,-,15,71959006,+,TCGA-THCA,169,TCGA-DJ-A2Q8-01A,TCGA-DJ-A2Q8-01A,1,0,0,0,0
10,85563183,+,15,71959027,-,TCGA-THCA,170,TCGA-DJ-A2Q8-01A,TCGA-DJ-A2Q8-01A,1,0,0,0,0
15,24243615,-,15,24384022,+,TCGA-THCA,171,TCGA-DJ-A2QB-01A,TCGA-DJ-A2QB-01A,1,0,0,0,0
17,23021021,+,17,23161557,-,TCGA-THCA,172,TCGA-DJ-A2QB-01A,TCGA-DJ-A2QB-01A,1,0,0,0,0
23,1383973,+,23,1385908,-,TCGA-THCA,173,TCGA-DJ-A3UK-01A,TCGA-DJ-A3UK-01A,1,0,0,0,0
13,18761938,+,21,13867026,-,TCGA-THCA,174,TCGA-DJ-A3UN-01A,TCGA-DJ-A3UN-01A,1,0,0,0,0
1,124795664,+,1,124803350,-,TCGA-THCA,175,TCGA-DJ-A3UO-01A,TCGA-DJ-A3UO-01A,1,0,0,0,0
14,106421600,-,14,106639050,+,TCGA-THCA,176,TCGA-DJ-A3UP-01A,TCGA-DJ-A3UP-01A,1,0,0,0,0
11,56865075,-,11,56874002,-,TCGA-THCA,177,TCGA-DJ-A3UT-01A,TCGA-DJ-A3UT-01A,1,0,0,0,0
16,34256386,+,16,36325931,-,TCGA-THCA,178,TCGA-DJ-A3UT-01A,TCGA-DJ-A3UT-01A,1,0,0,0,0
1,84759655,+,1,84807743,+,TCGA-THCA,179,TCGA-DJ-A3V5-01A,TCGA-DJ-A3V5-01A,1,0,0,0,0
1,84802778,-,1,84818003,-,TCGA-THCA,180,TCGA-DJ-A3V5-01A,TCGA-DJ-A3V5-01A,1,0,0,0,0
6,57355293,+,6,60257100,-,TCGA-THCA,181,TCGA-DJ-A3V8-01A,TCGA-DJ-A3V8-01A,1,0,0,0,0
12,37430312,-,15,50085901,+,TCGA-THCA,182,TCGA-DJ-A3VL-01A,TCGA-DJ-A3VL-01A,1,0,0,0,0
1,122427115,-,1,122458464,+,TCGA-THCA,183,TCGA-DJ-A3VM-01A,TCGA-DJ-A3VM-01A,1,0,0,0,0
7,140781706,+,7,140832616,-,TCGA-THCA,184,TCGA-DJ-A3VM-01A,TCGA-DJ-A3VM-01A,1,0,0,0,0
19,24208872,-,19,24214054,+,TCGA-THCA,185,TCGA-DJ-A3VM-01A,TCGA-DJ-A3VM-01A,1,0,0,0,0
3,42070914,-,3,69517568,-,TCGA-THCA,186,TCGA-DJ-A4UR-01A,TCGA-DJ-A4UR-01A,1,0,0,0,0
3,42071018,+,3,69517590,+,TCGA-THCA,187,TCGA-DJ-A4UR-01A,TCGA-DJ-A4UR-01A,1,0,0,0,0
15,34061177,+,22,28570107,+,TCGA-THCA,188,TCGA-DJ-A4UR-01A,TCGA-DJ-A4UR-01A,1,0,0,0,0
2,20452490,+,2,29231689,-,TCGA-THCA,189,TCGA-DJ-A4UT-01A,TCGA-DJ-A4UT-01A,1,0,0,0,0
2,20453481,-,2,29264215,+,TCGA-THCA,190,TCGA-DJ-A4UT-01A,TCGA-DJ-A4UT-01A,1,0,0,0,0
2,20454162,-,2,30682057,-,TCGA-THCA,191,TCGA-DJ-A4UT-01A,TCGA-DJ-A4UT-01A,1,0,0,0,0
2,29231335,+,11,65502873,+,TCGA-THCA,192,TCGA-DJ-A4UT-01A,TCGA-DJ-A4UT-01A,1,0,0,0,0
2,29235329,+,5,163711378,-,TCGA-THCA,193,TCGA-DJ-A4UT-01A,TCGA-DJ-A4UT-01A,1,0,0,0,0
2,30626433,+,5,163751576,+,TCGA-THCA,194,TCGA-DJ-A4UT-01A,TCGA-DJ-A4UT-01A,1,0,0,0,0
2,30626897,-,2,62000177,-,TCGA-THCA,195,TCGA-DJ-A4UT-01A,TCGA-DJ-A4UT-01A,1,0,0,0,0
2,30681989,+,23,112757700,-,TCGA-THCA,196,TCGA-DJ-A4UT-01A,TCGA-DJ-A4UT-01A,1,0,0,0,0
2,61998455,+,11,65502899,-,TCGA-THCA,197,TCGA-DJ-A4UT-01A,TCGA-DJ-A4UT-01A,1,0,0,0,0
2,87132364,+,23,112757859,+,TCGA-THCA,198,TCGA-DJ-A4UT-01A,TCGA-DJ-A4UT-01A,1,0,0,0,0
5,163710972,+,5,163751753,-,TCGA-THCA,199,TCGA-DJ-A4UT-01A,TCGA-DJ-A4UT-01A,1,0,0,0,0
12,11862289,+,12,11885643,+,TCGA-THCA,200,TCGA-DJ-A4V0-01A,TCGA-DJ-A4V0-01A,1,0,0,0,0
12,11867039,-,15,88119496,+,TCGA-THCA,201,TCGA-DJ-A4V0-01A,TCGA-DJ-A4V0-01A,1,0,0,0,0
10,43115734,+,10,59893042,+,TCGA-THCA,202,TCGA-DJ-A4V5-01A,TCGA-DJ-A4V5-01A,1,0,0,0,0
10,43115770,-,10,59893094,-,TCGA-THCA,203,TCGA-DJ-A4V5-01A,TCGA-DJ-A4V5-01A,1,0,0,0,0
8,16855444,+,10,59712979,+,TCGA-THCA,204,TCGA-DO-A1JZ-01A,TCGA-DO-A1JZ-01A,1,0,0,0,0
8,16855655,-,8,85151301,-,TCGA-THCA,205,TCGA-DO-A1JZ-01A,TCGA-DO-A1JZ-01A,1,0,0,0,0
8,16888783,+,8,16894465,-,TCGA-THCA,206,TCGA-DO-A1JZ-01A,TCGA-DO-A1JZ-01A,1,0,0,0,0
8,17230792,-,8,114734306,-,TCGA-THCA,207,TCGA-DO-A1JZ-01A,TCGA-DO-A1JZ-01A,1,0,0,0,0
8,17230810,+,8,85149291,-,TCGA-THCA,208,TCGA-DO-A1JZ-01A,TCGA-DO-A1JZ-01A,1,0,0,0,0
8,85149251,+,8,114698189,+,TCGA-THCA,209,TCGA-DO-A1JZ-01A,TCGA-DO-A1JZ-01A,1,0,0,0,0
8,85151208,+,10,59700866,+,TCGA-THCA,210,TCGA-DO-A1JZ-01A,TCGA-DO-A1JZ-01A,1,0,0,0,0
8,99287402,+,10,59846945,+,TCGA-THCA,211,TCGA-DO-A1JZ-01A,TCGA-DO-A1JZ-01A,1,0,0,0,0
8,99287645,-,10,59727413,-,TCGA-THCA,212,TCGA-DO-A1JZ-01A,TCGA-DO-A1JZ-01A,1,0,0,0,0
10,43115152,+,10,59700932,-,TCGA-THCA,213,TCGA-DO-A1JZ-01A,TCGA-DO-A1JZ-01A,1,0,0,0,0
10,43115315,-,10,59896598,-,TCGA-THCA,214,TCGA-DO-A1JZ-01A,TCGA-DO-A1JZ-01A,1,0,0,0,0
1,242276126,+,10,38322182,+,TCGA-THCA,215,TCGA-DO-A2HM-01B,TCGA-DO-A2HM-01B,1,0,0,0,0
8,137213818,+,8,138034999,-,TCGA-THCA,216,TCGA-DO-A2HM-01B,TCGA-DO-A2HM-01B,1,0,0,0,0
8,137514128,-,8,138036216,+,TCGA-THCA,217,TCGA-DO-A2HM-01B,TCGA-DO-A2HM-01B,1,0,0,0,0
13,38491072,-,13,38564011,-,TCGA-THCA,218,TCGA-DO-A2HM-01B,TCGA-DO-A2HM-01B,1,0,0,0,0
10,43114414,+,10,59878909,+,TCGA-THCA,219,TCGA-E3-A3E0-01A,TCGA-E3-A3E0-01A,1,0,0,0,0
10,43114417,-,10,43116358,-,TCGA-THCA,220,TCGA-E3-A3E0-01A,TCGA-E3-A3E0-01A,1,0,0,0,0
10,43116359,+,10,59878900,-,TCGA-THCA,221,TCGA-E3-A3E0-01A,TCGA-E3-A3E0-01A,1,0,0,0,0
7,152241333,-,13,18329464,-,TCGA-THCA,222,TCGA-E3-A3E3-01A,TCGA-E3-A3E3-01A,1,0,0,0,0
2,221303604,+,2,221305145,-,TCGA-THCA,223,TCGA-E8-A3X7-01A,TCGA-E8-A3X7-01A,1,0,0,0,0
9,112379748,+,19,48552743,+,TCGA-THCA,224,TCGA-E8-A418-01A,TCGA-E8-A418-01A,1,0,0,0,0
1,110914402,-,9,25829709,-,TCGA-THCA,225,TCGA-E8-A432-01A,TCGA-E8-A432-01A,1,0,0,0,0
1,111163237,+,9,34953449,-,TCGA-THCA,226,TCGA-E8-A432-01A,TCGA-E8-A432-01A,1,0,0,0,0
1,114069340,-,1,114120378,-,TCGA-THCA,227,TCGA-E8-A432-01A,TCGA-E8-A432-01A,1,0,0,0,0
2,29227776,+,2,29412568,-,TCGA-THCA,228,TCGA-E8-A432-01A,TCGA-E8-A432-01A,1,0,0,0,0
2,29413485,+,2,42276068,+,TCGA-THCA,229,TCGA-E8-A432-01A,TCGA-E8-A432-01A,1,0,0,0,0
2,29413557,-,17,4770192,-,TCGA-THCA,230,TCGA-E8-A432-01A,TCGA-E8-A432-01A,1,0,0,0,0
2,29413961,+,2,73569722,+,TCGA-THCA,231,TCGA-E8-A432-01A,TCGA-E8-A432-01A,1,0,0,0,0
2,29455727,-,2,42276078,-,TCGA-THCA,232,TCGA-E8-A432-01A,TCGA-E8-A432-01A,1,0,0,0,0
2,73486752,+,2,73569728,-,TCGA-THCA,233,TCGA-E8-A432-01A,TCGA-E8-A432-01A,1,0,0,0,0
2,73486761,-,17,4770190,+,TCGA-THCA,234,TCGA-E8-A432-01A,TCGA-E8-A432-01A,1,0,0,0,0
3,55001472,+,13,92242489,+,TCGA-THCA,235,TCGA-E8-A432-01A,TCGA-E8-A432-01A,1,0,0,0,0
3,55001472,+,9,27002492,-,TCGA-THCA,236,TCGA-E8-A432-01A,TCGA-E8-A432-01A,1,0,0,0,0
3,55001472,-,9,27002445,+,TCGA-THCA,237,TCGA-E8-A432-01A,TCGA-E8-A432-01A,1,0,0,0,0
4,35558056,+,4,35559406,-,TCGA-THCA,238,TCGA-E8-A432-01A,TCGA-E8-A432-01A,1,0,0,0,0
4,76972526,+,4,76994176,-,TCGA-THCA,239,TCGA-E8-A432-01A,TCGA-E8-A432-01A,1,0,0,0,0
5,31221331,-,5,66546554,-,TCGA-THCA,240,TCGA-E8-A432-01A,TCGA-E8-A432-01A,1,0,0,0,0
5,31221331,+,5,66546554,+,TCGA-THCA,241,TCGA-E8-A432-01A,TCGA-E8-A432-01A,1,0,0,0,0
5,57938109,-,12,9766462,+,TCGA-THCA,242,TCGA-E8-A432-01A,TCGA-E8-A432-01A,1,0,0,0,0
5,57938111,+,5,60145642,-,TCGA-THCA,243,TCGA-E8-A432-01A,TCGA-E8-A432-01A,1,0,0,0,0
5,60145645,+,12,9766459,-,TCGA-THCA,244,TCGA-E8-A432-01A,TCGA-E8-A432-01A,1,0,0,0,0
5,119884909,-,13,92242328,+,TCGA-THCA,245,TCGA-E8-A432-01A,TCGA-E8-A432-01A,1,0,0,0,0
5,125538560,+,5,125749248,-,TCGA-THCA,246,TCGA-E8-A432-01A,TCGA-E8-A432-01A,1,0,0,0,0
6,92493856,-,6,92837938,-,TCGA-THCA,247,TCGA-E8-A432-01A,TCGA-E8-A432-01A,1,0,0,0,0
6,92499936,+,6,92827876,+,TCGA-THCA,248,TCGA-E8-A432-01A,TCGA-E8-A432-01A,1,0,0,0,0
9,13890796,-,12,96726653,-,TCGA-THCA,249,TCGA-E8-A432-01A,TCGA-E8-A432-01A,1,0,0,0,0
9,13890799,+,12,96726656,+,TCGA-THCA,250,TCGA-E8-A432-01A,TCGA-E8-A432-01A,1,0,0,0,0
9,27002443,-,13,92242328,-,TCGA-THCA,251,TCGA-E8-A432-01A,TCGA-E8-A432-01A,1,0,0,0,0
9,28851788,+,9,28879416,+,TCGA-THCA,252,TCGA-E8-A432-01A,TCGA-E8-A432-01A,1,0,0,0,0
9,28881312,-,9,28972935,+,TCGA-THCA,253,TCGA-E8-A432-01A,TCGA-E8-A432-01A,1,0,0,0,0
9,74637687,+,9,74697827,-,TCGA-THCA,254,TCGA-E8-A432-01A,TCGA-E8-A432-01A,1,0,0,0,0
9,80568006,-,9,81703816,-,TCGA-THCA,255,TCGA-E8-A432-01A,TCGA-E8-A432-01A,1,0,0,0,0
9,80568006,+,9,81703816,+,TCGA-THCA,256,TCGA-E8-A432-01A,TCGA-E8-A432-01A,1,0,0,0,0
10,65510384,-,10,66686685,-,TCGA-THCA,257,TCGA-E8-A432-01A,TCGA-E8-A432-01A,1,0,0,0,0
10,65510386,+,10,65608712,+,TCGA-THCA,258,TCGA-E8-A432-01A,TCGA-E8-A432-01A,1,0,0,0,0
10,114104411,+,20,21923527,-,TCGA-THCA,259,TCGA-E8-A432-01A,TCGA-E8-A432-01A,1,0,0,0,0
10,114104415,-,20,21923516,+,TCGA-THCA,260,TCGA-E8-A432-01A,TCGA-E8-A432-01A,1,0,0,0,0
10,114660900,+,20,21949948,-,TCGA-THCA,261,TCGA-E8-A432-01A,TCGA-E8-A432-01A,1,0,0,0,0
10,114660925,-,20,21928510,+,TCGA-THCA,262,TCGA-E8-A432-01A,TCGA-E8-A432-01A,1,0,0,0,0
11,35610470,-,11,40732308,-,TCGA-THCA,263,TCGA-E8-A432-01A,TCGA-E8-A432-01A,1,0,0,0,0
11,35610471,+,11,40732309,+,TCGA-THCA,264,TCGA-E8-A432-01A,TCGA-E8-A432-01A,1,0,0,0,0
11,37978439,-,11,77457997,+,TCGA-THCA,265,TCGA-E8-A432-01A,TCGA-E8-A432-01A,1,0,0,0,0
11,37978441,+,11,77523396,-,TCGA-THCA,266,TCGA-E8-A432-01A,TCGA-E8-A432-01A,1,0,0,0,0
17,20502280,-,21,35694888,-,TCGA-THCA,267,TCGA-E8-A432-01A,TCGA-E8-A432-01A,1,0,0,0,0
23,24998991,+,23,30444932,-,TCGA-THCA,268,TCGA-E8-A432-01A,TCGA-E8-A432-01A,1,0,0,0,0
11,21288842,+,11,21988696,-,TCGA-THCA,269,TCGA-E8-A438-01A,TCGA-E8-A438-01A,1,0,0,0,0
12,11856548,+,15,88053061,+,TCGA-THCA,270,TCGA-E8-A438-01A,TCGA-E8-A438-01A,1,0,0,0,0
12,11856693,-,15,88053134,-,TCGA-THCA,271,TCGA-E8-A438-01A,TCGA-E8-A438-01A,1,0,0,0,0
9,21369765,-,9,23336479,-,TCGA-THCA,272,TCGA-EL-A3CM-01A,TCGA-EL-A3CM-01A,1,0,0,0,0
9,21370236,+,9,27389338,-,TCGA-THCA,273,TCGA-EL-A3CM-01A,TCGA-EL-A3CM-01A,1,0,0,0,0
9,23833872,-,9,25161511,-,TCGA-THCA,274,TCGA-EL-A3CM-01A,TCGA-EL-A3CM-01A,1,0,0,0,0
2,91884300,-,10,38642267,+,TCGA-THCA,275,TCGA-EL-A3D5-01A,TCGA-EL-A3D5-01A,1,0,0,0,0
17,9784477,-,19,22680867,-,TCGA-THCA,276,TCGA-EL-A3D5-01A,TCGA-EL-A3D5-01A,1,0,0,0,0
7,23472783,+,14,80174126,-,TCGA-THCA,277,TCGA-EL-A3H1-01A,TCGA-EL-A3H1-01A,1,0,0,0,0
7,25095539,-,14,100343348,+,TCGA-THCA,278,TCGA-EL-A3H1-01A,TCGA-EL-A3H1-01A,1,0,0,0,0
9,42350048,-,9,66780716,-,TCGA-THCA,279,TCGA-EL-A3H1-01A,TCGA-EL-A3H1-01A,1,0,0,0,0
14,80174076,+,14,80181922,+,TCGA-THCA,280,TCGA-EL-A3H1-01A,TCGA-EL-A3H1-01A,1,0,0,0,0
14,80181577,-,14,102108438,-,TCGA-THCA,281,TCGA-EL-A3H1-01A,TCGA-EL-A3H1-01A,1,0,0,0,0
1,154938306,+,1,155757222,-,TCGA-THCA,282,TCGA-EL-A3H2-01A,TCGA-EL-A3H2-01A,1,0,0,0,0
2,213842736,+,19,34896267,-,TCGA-THCA,283,TCGA-EL-A3H2-01A,TCGA-EL-A3H2-01A,1,0,0,0,0
6,78600677,+,6,166657452,-,TCGA-THCA,284,TCGA-EL-A3H2-01A,TCGA-EL-A3H2-01A,1,0,0,0,0
18,5315988,+,18,10698988,-,TCGA-THCA,285,TCGA-EL-A3H2-01A,TCGA-EL-A3H2-01A,1,0,0,0,0
10,42921391,-,10,45699123,-,TCGA-THCA,286,TCGA-EL-A3H3-01A,TCGA-EL-A3H3-01A,1,0,0,0,0
10,43094982,+,10,45965539,-,TCGA-THCA,287,TCGA-EL-A3H3-01A,TCGA-EL-A3H3-01A,1,0,0,0,0
10,45706994,+,10,45944782,-,TCGA-THCA,288,TCGA-EL-A3H3-01A,TCGA-EL-A3H3-01A,1,0,0,0,0
10,45707927,-,10,45959465,+,TCGA-THCA,289,TCGA-EL-A3H3-01A,TCGA-EL-A3H3-01A,1,0,0,0,0
12,103966045,+,12,103979843,-,TCGA-THCA,290,TCGA-EL-A3H3-01A,TCGA-EL-A3H3-01A,1,0,0,0,0
1,154362805,-,1,154395498,-,TCGA-THCA,291,TCGA-EL-A3H4-01A,TCGA-EL-A3H4-01A,1,0,0,0,0
13,18746075,-,21,13851078,+,TCGA-THCA,292,TCGA-EL-A3H4-01A,TCGA-EL-A3H4-01A,1,0,0,0,0
3,72378939,+,16,62868789,+,TCGA-THCA,293,TCGA-EL-A3MX-01A,TCGA-EL-A3MX-01A,1,0,0,0,0
5,4390625,+,11,96988932,+,TCGA-THCA,294,TCGA-EL-A3MX-01A,TCGA-EL-A3MX-01A,1,0,0,0,0
7,107254838,-,16,80045767,+,TCGA-THCA,295,TCGA-EL-A3MX-01A,TCGA-EL-A3MX-01A,1,0,0,0,0
14,18675866,+,22,15596908,-,TCGA-THCA,296,TCGA-EL-A3MX-01A,TCGA-EL-A3MX-01A,1,0,0,0,0
16,67402378,+,19,7707159,-,TCGA-THCA,297,TCGA-EL-A3MX-01A,TCGA-EL-A3MX-01A,1,0,0,0,0
1,124795658,+,1,124803358,-,TCGA-THCA,298,TCGA-EL-A3MZ-01A,TCGA-EL-A3MZ-01A,1,0,0,0,0
1,55951416,+,1,55998775,-,TCGA-THCA,299,TCGA-EL-A3N2-01A,TCGA-EL-A3N2-01A,1,0,0,0,0
6,57355293,+,6,60257100,-,TCGA-THCA,300,TCGA-EL-A3T6-01A,TCGA-EL-A3T6-01A,1,0,0,0,0
23,3036666,+,23,63625851,+,TCGA-THCA,301,TCGA-EL-A3T6-01A,TCGA-EL-A3T6-01A,1,0,0,0,0
2,231679,+,13,76599297,+,TCGA-THCA,302,TCGA-EL-A3T9-01A,TCGA-EL-A3T9-01A,1,0,0,0,0
2,231684,-,12,90681978,+,TCGA-THCA,303,TCGA-EL-A3T9-01A,TCGA-EL-A3T9-01A,1,0,0,0,0
4,162890450,+,4,162905395,-,TCGA-THCA,304,TCGA-EL-A3T9-01A,TCGA-EL-A3T9-01A,1,0,0,0,0
6,162480836,+,6,162482095,-,TCGA-THCA,305,TCGA-EL-A3T9-01A,TCGA-EL-A3T9-01A,1,0,0,0,0
8,59541342,-,9,24410267,-,TCGA-THCA,306,TCGA-EL-A3T9-01A,TCGA-EL-A3T9-01A,1,0,0,0,0
10,42977825,+,10,43111581,-,TCGA-THCA,307,TCGA-EL-A3T9-01A,TCGA-EL-A3T9-01A,1,0,0,0,0
10,43116550,+,12,90683977,+,TCGA-THCA,308,TCGA-EL-A3T9-01A,TCGA-EL-A3T9-01A,1,0,0,0,0
10,43116567,-,12,1257826,+,TCGA-THCA,309,TCGA-EL-A3T9-01A,TCGA-EL-A3T9-01A,1,0,0,0,0
10,70143838,+,12,75622643,-,TCGA-THCA,310,TCGA-EL-A3T9-01A,TCGA-EL-A3T9-01A,1,0,0,0,0
10,70143843,-,12,91961368,+,TCGA-THCA,311,TCGA-EL-A3T9-01A,TCGA-EL-A3T9-01A,1,0,0,0,0
10,133604529,+,13,76598681,+,TCGA-THCA,312,TCGA-EL-A3T9-01A,TCGA-EL-A3T9-01A,1,0,0,0,0
12,1257978,+,12,90693885,-,TCGA-THCA,313,TCGA-EL-A3T9-01A,TCGA-EL-A3T9-01A,1,0,0,0,0
12,75622622,+,13,76598694,-,TCGA-THCA,314,TCGA-EL-A3T9-01A,TCGA-EL-A3T9-01A,1,0,0,0,0
12,90681992,-,12,91961382,-,TCGA-THCA,315,TCGA-EL-A3T9-01A,TCGA-EL-A3T9-01A,1,0,0,0,0
12,95465149,-,13,37910095,-,TCGA-THCA,316,TCGA-EL-A3T9-01A,TCGA-EL-A3T9-01A,1,0,0,0,0
13,37910023,+,13,76600100,+,TCGA-THCA,317,TCGA-EL-A3T9-01A,TCGA-EL-A3T9-01A,1,0,0,0,0
13,37910628,-,13,76599489,-,TCGA-THCA,318,TCGA-EL-A3T9-01A,TCGA-EL-A3T9-01A,1,0,0,0,0
17,22608409,+,17,22616199,-,TCGA-THCA,319,TCGA-EL-A3T9-01A,TCGA-EL-A3T9-01A,1,0,0,0,0
17,74929706,-,17,74974287,+,TCGA-THCA,320,TCGA-EL-A3T9-01A,TCGA-EL-A3T9-01A,1,0,0,0,0
18,77819148,+,18,77831207,-,TCGA-THCA,321,TCGA-EL-A3T9-01A,TCGA-EL-A3T9-01A,1,0,0,0,0
21,18235402,+,21,18253918,-,TCGA-THCA,322,TCGA-EL-A3T9-01A,TCGA-EL-A3T9-01A,1,0,0,0,0
1,52402481,+,1,52526188,-,TCGA-THCA,323,TCGA-EL-A3TB-01A,TCGA-EL-A3TB-01A,1,0,0,0,0
4,92646237,-,4,92649011,+,TCGA-THCA,324,TCGA-EL-A3TB-01A,TCGA-EL-A3TB-01A,1,0,0,0,0
10,43116317,+,10,59896540,+,TCGA-THCA,325,TCGA-EL-A3TB-01A,TCGA-EL-A3TB-01A,1,0,0,0,0
10,43116319,-,10,59896543,-,TCGA-THCA,326,TCGA-EL-A3TB-01A,TCGA-EL-A3TB-01A,1,0,0,0,0
13,29996109,+,13,29998216,-,TCGA-THCA,327,TCGA-EL-A3TB-01A,TCGA-EL-A3TB-01A,1,0,0,0,0
12,11865828,-,15,100841346,+,TCGA-THCA,328,TCGA-EL-A3ZN-01A,TCGA-EL-A3ZN-01A,1,0,0,0,0
12,11866163,+,15,88099986,+,TCGA-THCA,329,TCGA-EL-A3ZN-01A,TCGA-EL-A3ZN-01A,1,0,0,0,0
15,88099837,-,15,100841134,-,TCGA-THCA,330,TCGA-EL-A3ZN-01A,TCGA-EL-A3ZN-01A,1,0,0,0,0
1,87393610,+,1,87395146,-,TCGA-THCA,331,TCGA-EL-A3ZO-01A,TCGA-EL-A3ZO-01A,1,0,0,0,0
1,156087943,+,1,156164014,-,TCGA-THCA,332,TCGA-EL-A3ZO-01A,TCGA-EL-A3ZO-01A,1,0,0,0,0
2,44119280,-,2,44181169,+,TCGA-THCA,333,TCGA-EL-A3ZO-01A,TCGA-EL-A3ZO-01A,1,0,0,0,0
19,28986690,-,19,28994769,+,TCGA-THCA,334,TCGA-EL-A3ZO-01A,TCGA-EL-A3ZO-01A,1,0,0,0,0
10,43115510,+,10,118950300,+,TCGA-THCA,335,TCGA-EL-A3ZS-01A,TCGA-EL-A3ZS-01A,1,0,0,0,0
10,43116481,-,10,59899780,-,TCGA-THCA,336,TCGA-EL-A3ZS-01A,TCGA-EL-A3ZS-01A,1,0,0,0,0
10,43207745,+,10,118950230,+,TCGA-THCA,337,TCGA-EL-A3ZS-01A,TCGA-EL-A3ZS-01A,1,0,0,0,0
10,43207745,+,10,118950322,-,TCGA-THCA,338,TCGA-EL-A3ZS-01A,TCGA-EL-A3ZS-01A,1,0,0,0,0
19,34870395,-,23,1930947,+,TCGA-THCA,339,TCGA-EL-A4JV-01A,TCGA-EL-A4JV-01A,1,0,0,0,0
18,50380251,+,18,50385215,-,TCGA-THCA,340,TCGA-EL-A4JW-01A,TCGA-EL-A4JW-01A,1,0,0,0,0
2,102646790,+,6,68454003,+,TCGA-THCA,341,TCGA-EL-A4JX-01A,TCGA-EL-A4JX-01A,1,0,0,0,0
1,122282446,-,1,122491464,+,TCGA-THCA,342,TCGA-EL-A4JZ-01A,TCGA-EL-A4JZ-01A,1,0,0,0,0
23,143211170,+,23,143214233,-,TCGA-THCA,343,TCGA-EL-A4JZ-01A,TCGA-EL-A4JZ-01A,1,0,0,0,0
2,183500185,-,2,183580542,+,TCGA-THCA,344,TCGA-EL-A4K6-01A,TCGA-EL-A4K6-01A,1,0,0,0,0
7,151027302,+,16,75816025,+,TCGA-THCA,345,TCGA-EL-A4K6-01A,TCGA-EL-A4K6-01A,1,0,0,0,0
7,151027428,-,16,75815916,-,TCGA-THCA,346,TCGA-EL-A4K6-01A,TCGA-EL-A4K6-01A,1,0,0,0,0
11,54387737,+,11,54402143,-,TCGA-THCA,347,TCGA-EL-A4K6-01A,TCGA-EL-A4K6-01A,1,0,0,0,0
17,37814400,+,17,45606901,-,TCGA-THCA,348,TCGA-EL-A4K9-01A,TCGA-EL-A4K9-01A,1,0,0,0,0
2,29223670,-,7,74522842,-,TCGA-THCA,349,TCGA-EL-A4KD-01A,TCGA-EL-A4KD-01A,1,0,0,0,0
2,29223687,+,7,74522850,+,TCGA-THCA,350,TCGA-EL-A4KD-01A,TCGA-EL-A4KD-01A,1,0,0,0,0
4,135633461,-,6,68454006,+,TCGA-THCA,351,TCGA-EM-A1CT-01A,TCGA-EM-A1CT-01A,1,0,0,0,0
15,30672152,-,20,47166162,+,TCGA-THCA,352,TCGA-EM-A1YB-01A,TCGA-EM-A1YB-01A,1,0,0,0,0
15,95858030,+,20,43367811,+,TCGA-THCA,353,TCGA-EM-A1YB-01A,TCGA-EM-A1YB-01A,1,0,0,0,0
15,95858045,-,20,43367821,-,TCGA-THCA,354,TCGA-EM-A1YB-01A,TCGA-EM-A1YB-01A,1,0,0,0,0
3,13261563,-,3,13706728,-,TCGA-THCA,355,TCGA-EM-A1YE-01A,TCGA-EM-A1YE-01A,1,0,0,0,0
3,13261565,+,3,14653852,+,TCGA-THCA,356,TCGA-EM-A1YE-01A,TCGA-EM-A1YE-01A,1,0,0,0,0
3,13706728,+,23,97331568,-,TCGA-THCA,357,TCGA-EM-A1YE-01A,TCGA-EM-A1YE-01A,1,0,0,0,0
3,14653850,-,23,97759576,+,TCGA-THCA,358,TCGA-EM-A1YE-01A,TCGA-EM-A1YE-01A,1,0,0,0,0
3,76030127,-,10,92756033,-,TCGA-THCA,359,TCGA-EM-A1YE-01A,TCGA-EM-A1YE-01A,1,0,0,0,0
3,76031085,+,10,82814105,+,TCGA-THCA,360,TCGA-EM-A1YE-01A,TCGA-EM-A1YE-01A,1,0,0,0,0
3,76580028,+,3,80461370,-,TCGA-THCA,361,TCGA-EM-A1YE-01A,TCGA-EM-A1YE-01A,1,0,0,0,0
4,19366951,-,4,19948126,-,TCGA-THCA,362,TCGA-EM-A1YE-01A,TCGA-EM-A1YE-01A,1,0,0,0,0
4,19366951,+,4,19948126,+,TCGA-THCA,363,TCGA-EM-A1YE-01A,TCGA-EM-A1YE-01A,1,0,0,0,0
4,44810905,-,4,167970464,-,TCGA-THCA,364,TCGA-EM-A1YE-01A,TCGA-EM-A1YE-01A,1,0,0,0,0
4,44810905,+,4,44938839,+,TCGA-THCA,365,TCGA-EM-A1YE-01A,TCGA-EM-A1YE-01A,1,0,0,0,0
4,47482227,-,4,167970466,+,TCGA-THCA,366,TCGA-EM-A1YE-01A,TCGA-EM-A1YE-01A,1,0,0,0,0
4,135746447,-,4,182313087,-,TCGA-THCA,367,TCGA-EM-A1YE-01A,TCGA-EM-A1YE-01A,1,0,0,0,0
4,135746448,+,4,174660764,+,TCGA-THCA,368,TCGA-EM-A1YE-01A,TCGA-EM-A1YE-01A,1,0,0,0,0
5,68077095,-,8,95889551,+,TCGA-THCA,369,TCGA-EM-A1YE-01A,TCGA-EM-A1YE-01A,1,0,0,0,0
5,74752626,+,5,74935096,-,TCGA-THCA,370,TCGA-EM-A1YE-01A,TCGA-EM-A1YE-01A,1,0,0,0,0
5,116495278,+,8,108670466,+,TCGA-THCA,371,TCGA-EM-A1YE-01A,TCGA-EM-A1YE-01A,1,0,0,0,0
5,116495278,-,8,108670466,-,TCGA-THCA,372,TCGA-EM-A1YE-01A,TCGA-EM-A1YE-01A,1,0,0,0,0
5,123535141,+,20,50195721,+,TCGA-THCA,373,TCGA-EM-A1YE-01A,TCGA-EM-A1YE-01A,1,0,0,0,0
5,123535151,-,5,126387427,-,TCGA-THCA,374,TCGA-EM-A1YE-01A,TCGA-EM-A1YE-01A,1,0,0,0,0
7,45500693,-,13,112121988,+,TCGA-THCA,375,TCGA-EM-A1YE-01A,TCGA-EM-A1YE-01A,1,0,0,0,0
7,45500694,+,7,45533835,+,TCGA-THCA,376,TCGA-EM-A1YE-01A,TCGA-EM-A1YE-01A,1,0,0,0,0
7,45533835,-,13,112121992,-,TCGA-THCA,377,TCGA-EM-A1YE-01A,TCGA-EM-A1YE-01A,1,0,0,0,0
8,95889551,-,8,95949906,-,TCGA-THCA,378,TCGA-EM-A1YE-01A,TCGA-EM-A1YE-01A,1,0,0,0,0
8,95949909,+,20,50195720,-,TCGA-THCA,379,TCGA-EM-A1YE-01A,TCGA-EM-A1YE-01A,1,0,0,0,0
8,97374349,-,8,97580214,-,TCGA-THCA,380,TCGA-EM-A1YE-01A,TCGA-EM-A1YE-01A,1,0,0,0,0
8,97374350,+,8,97580215,+,TCGA-THCA,381,TCGA-EM-A1YE-01A,TCGA-EM-A1YE-01A,1,0,0,0,0
9,43244277,+,9,64737048,-,TCGA-THCA,382,TCGA-EM-A1YE-01A,TCGA-EM-A1YE-01A,1,0,0,0,0
10,109109775,+,10,111750203,-,TCGA-THCA,383,TCGA-EM-A1YE-01A,TCGA-EM-A1YE-01A,1,0,0,0,0
13,26184941,+,13,54029496,+,TCGA-THCA,384,TCGA-EM-A1YE-01A,TCGA-EM-A1YE-01A,1,0,0,0,0
13,26184942,-,13,54029495,-,TCGA-THCA,385,TCGA-EM-A1YE-01A,TCGA-EM-A1YE-01A,1,0,0,0,0
23,97331568,+,23,97759576,-,TCGA-THCA,386,TCGA-EM-A1YE-01A,TCGA-EM-A1YE-01A,1,0,0,0,0
1,242276709,-,10,38321978,-,TCGA-THCA,387,TCGA-EM-A22J-01A,TCGA-EM-A22J-01A,1,0,0,0,0
1,121431989,-,5,50523858,-,TCGA-THCA,388,TCGA-EM-A22O-01A,TCGA-EM-A22O-01A,1,0,0,0,0
4,41868815,-,11,101386072,+,TCGA-THCA,389,TCGA-EM-A22O-01A,TCGA-EM-A22O-01A,1,0,0,0,0
6,60565913,-,6,103384178,+,TCGA-THCA,390,TCGA-EM-A22O-01A,TCGA-EM-A22O-01A,1,0,0,0,0
6,60566212,+,6,103384123,-,TCGA-THCA,391,TCGA-EM-A22O-01A,TCGA-EM-A22O-01A,1,0,0,0,0
9,113951448,+,16,70835008,+,TCGA-THCA,392,TCGA-EM-A22O-01A,TCGA-EM-A22O-01A,1,0,0,0,0
20,25924394,+,20,30219183,-,TCGA-THCA,393,TCGA-EM-A22O-01A,TCGA-EM-A22O-01A,1,0,0,0,0
4,46461876,-,4,46696399,+,TCGA-THCA,394,TCGA-EM-A2CJ-01A,TCGA-EM-A2CJ-01A,1,0,0,0,0
17,22879419,-,17,22977045,+,TCGA-THCA,395,TCGA-EM-A2CJ-01A,TCGA-EM-A2CJ-01A,1,0,0,0,0
8,133035018,+,8,133041784,+,TCGA-THCA,396,TCGA-EM-A2CM-01A,TCGA-EM-A2CM-01A,1,0,0,0,0
8,133041054,-,8,133043176,-,TCGA-THCA,397,TCGA-EM-A2CM-01A,TCGA-EM-A2CM-01A,1,0,0,0,0
13,18748846,+,13,18768257,-,TCGA-THCA,398,TCGA-EM-A2CM-01A,TCGA-EM-A2CM-01A,1,0,0,0,0
17,48990084,-,17,49809647,+,TCGA-THCA,399,TCGA-EM-A2CM-01A,TCGA-EM-A2CM-01A,1,0,0,0,0
7,80646395,+,7,80650435,-,TCGA-THCA,400,TCGA-EM-A2CO-01A,TCGA-EM-A2CO-01A,1,0,0,0,0
1,86345936,-,1,86885695,-,TCGA-THCA,401,TCGA-EM-A2CP-01A,TCGA-EM-A2CP-01A,1,0,0,0,0
1,86346435,+,1,87054567,-,TCGA-THCA,402,TCGA-EM-A2CP-01A,TCGA-EM-A2CP-01A,1,0,0,0,0
1,86485684,-,10,67987911,-,TCGA-THCA,403,TCGA-EM-A2CP-01A,TCGA-EM-A2CP-01A,1,0,0,0,0
1,86485824,+,10,90903110,-,TCGA-THCA,404,TCGA-EM-A2CP-01A,TCGA-EM-A2CP-01A,1,0,0,0,0
1,86490247,+,10,91132781,-,TCGA-THCA,405,TCGA-EM-A2CP-01A,TCGA-EM-A2CP-01A,1,0,0,0,0
1,87054526,+,1,88081121,-,TCGA-THCA,406,TCGA-EM-A2CP-01A,TCGA-EM-A2CP-01A,1,0,0,0,0
1,88081013,+,10,91131370,+,TCGA-THCA,407,TCGA-EM-A2CP-01A,TCGA-EM-A2CP-01A,1,0,0,0,0
2,26013078,-,2,176196771,+,TCGA-THCA,408,TCGA-EM-A2CP-01A,TCGA-EM-A2CP-01A,1,0,0,0,0
2,113237994,-,2,177232856,+,TCGA-THCA,409,TCGA-EM-A2CP-01A,TCGA-EM-A2CP-01A,1,0,0,0,0
2,113238010,+,8,133046548,-,TCGA-THCA,410,TCGA-EM-A2CP-01A,TCGA-EM-A2CP-01A,1,0,0,0,0
2,176196804,-,8,132995672,+,TCGA-THCA,411,TCGA-EM-A2CP-01A,TCGA-EM-A2CP-01A,1,0,0,0,0
2,177232885,-,8,132893854,+,TCGA-THCA,412,TCGA-EM-A2CP-01A,TCGA-EM-A2CP-01A,1,0,0,0,0
3,75695162,-,20,29385711,-,TCGA-THCA,413,TCGA-EM-A2CP-01A,TCGA-EM-A2CP-01A,1,0,0,0,0
8,132894388,-,8,133042108,+,TCGA-THCA,414,TCGA-EM-A2CP-01A,TCGA-EM-A2CP-01A,1,0,0,0,0
8,132995759,+,8,133000545,-,TCGA-THCA,415,TCGA-EM-A2CP-01A,TCGA-EM-A2CP-01A,1,0,0,0,0
8,132995769,-,8,133000545,-,TCGA-THCA,416,TCGA-EM-A2CP-01A,TCGA-EM-A2CP-01A,1,0,0,0,0
10,67987932,+,10,91133343,+,TCGA-THCA,417,TCGA-EM-A2CP-01A,TCGA-EM-A2CP-01A,1,0,0,0,0
10,90883866,+,10,91133724,-,TCGA-THCA,418,TCGA-EM-A2CP-01A,TCGA-EM-A2CP-01A,1,0,0,0,0
12,33467464,-,12,33497721,+,TCGA-THCA,419,TCGA-EM-A2CP-01A,TCGA-EM-A2CP-01A,1,0,0,0,0
4,33004752,+,4,33066573,-,TCGA-THCA,420,TCGA-EM-A2OW-01A,TCGA-EM-A2OW-01A,1,0,0,0,0
1,196425537,+,1,196579422,-,TCGA-THCA,421,TCGA-EM-A2OY-01A,TCGA-EM-A2OY-01A,1,0,0,0,0
1,196425666,-,4,145173269,-,TCGA-THCA,422,TCGA-EM-A2OY-01A,TCGA-EM-A2OY-01A,1,0,0,0,0
1,196425975,+,4,145173296,+,TCGA-THCA,423,TCGA-EM-A2OY-01A,TCGA-EM-A2OY-01A,1,0,0,0,0
4,114775328,+,4,114865126,+,TCGA-THCA,424,TCGA-EM-A2OY-01A,TCGA-EM-A2OY-01A,1,0,0,0,0
4,114777520,-,4,115497384,-,TCGA-THCA,425,TCGA-EM-A2OY-01A,TCGA-EM-A2OY-01A,1,0,0,0,0
2,113232436,+,3,12315826,+,TCGA-THCA,426,TCGA-EM-A3AJ-01A,TCGA-EM-A3AJ-01A,1,0,0,0,0
2,113232478,-,3,12365205,-,TCGA-THCA,427,TCGA-EM-A3AJ-01A,TCGA-EM-A3AJ-01A,1,0,0,0,0
12,7059656,-,19,8202329,+,TCGA-THCA,428,TCGA-EM-A3AJ-01A,TCGA-EM-A3AJ-01A,1,0,0,0,0
12,7060734,+,19,9225585,-,TCGA-THCA,429,TCGA-EM-A3AJ-01A,TCGA-EM-A3AJ-01A,1,0,0,0,0
12,16351322,+,12,16946263,-,TCGA-THCA,430,TCGA-EM-A3AJ-01A,TCGA-EM-A3AJ-01A,1,0,0,0,0
19,8888991,-,19,20547827,+,TCGA-THCA,431,TCGA-EM-A3AJ-01A,TCGA-EM-A3AJ-01A,1,0,0,0,0
19,11819315,+,19,19213214,+,TCGA-THCA,432,TCGA-EM-A3AJ-01A,TCGA-EM-A3AJ-01A,1,0,0,0,0
19,13497653,-,19,19221208,+,TCGA-THCA,433,TCGA-EM-A3AJ-01A,TCGA-EM-A3AJ-01A,1,0,0,0,0
19,14947622,-,19,24292793,+,TCGA-THCA,434,TCGA-EM-A3AJ-01A,TCGA-EM-A3AJ-01A,1,0,0,0,0
19,16332038,+,19,20539007,+,TCGA-THCA,435,TCGA-EM-A3AJ-01A,TCGA-EM-A3AJ-01A,1,0,0,0,0
19,17711738,-,19,19220926,-,TCGA-THCA,436,TCGA-EM-A3AJ-01A,TCGA-EM-A3AJ-01A,1,0,0,0,0
1,122463278,+,1,122500769,-,TCGA-THCA,437,TCGA-EM-A3AL-01A,TCGA-EM-A3AL-01A,1,0,0,0,0
2,43340566,+,7,49639914,+,TCGA-THCA,438,TCGA-EM-A3AL-01A,TCGA-EM-A3AL-01A,1,0,0,0,0
2,43340579,-,7,23470573,+,TCGA-THCA,439,TCGA-EM-A3AL-01A,TCGA-EM-A3AL-01A,1,0,0,0,0
7,23470418,-,7,49639831,-,TCGA-THCA,440,TCGA-EM-A3AL-01A,TCGA-EM-A3AL-01A,1,0,0,0,0
18,15470467,-,18,15686715,+,TCGA-THCA,441,TCGA-EM-A3AL-01A,TCGA-EM-A3AL-01A,1,0,0,0,0
10,42826438,+,10,43115700,+,TCGA-THCA,442,TCGA-EM-A3AN-01A,TCGA-EM-A3AN-01A,1,0,0,0,0
10,42828408,-,10,59859271,+,TCGA-THCA,443,TCGA-EM-A3AN-01A,TCGA-EM-A3AN-01A,1,0,0,0,0
10,43116103,-,10,59859130,-,TCGA-THCA,444,TCGA-EM-A3AN-01A,TCGA-EM-A3AN-01A,1,0,0,0,0
23,97212015,+,23,101004476,-,TCGA-THCA,445,TCGA-EM-A3AN-01A,TCGA-EM-A3AN-01A,1,0,0,0,0
1,156839883,+,20,17152587,+,TCGA-THCA,446,TCGA-EM-A3AO-01A,TCGA-EM-A3AO-01A,1,0,0,0,0
1,156874173,-,3,100737342,+,TCGA-THCA,447,TCGA-EM-A3AO-01A,TCGA-EM-A3AO-01A,1,0,0,0,0
1,156934268,+,12,7144181,-,TCGA-THCA,448,TCGA-EM-A3AO-01A,TCGA-EM-A3AO-01A,1,0,0,0,0
1,156934599,-,1,158075524,-,TCGA-THCA,449,TCGA-EM-A3AO-01A,TCGA-EM-A3AO-01A,1,0,0,0,0
1,157991310,+,20,17152649,-,TCGA-THCA,450,TCGA-EM-A3AO-01A,TCGA-EM-A3AO-01A,1,0,0,0,0
1,157991366,-,5,134673863,-,TCGA-THCA,451,TCGA-EM-A3AO-01A,TCGA-EM-A3AO-01A,1,0,0,0,0
1,158075692,+,3,100644323,+,TCGA-THCA,452,TCGA-EM-A3AO-01A,TCGA-EM-A3AO-01A,1,0,0,0,0
3,45687967,+,5,134673967,+,TCGA-THCA,453,TCGA-EM-A3AO-01A,TCGA-EM-A3AO-01A,1,0,0,0,0
3,45687982,-,3,170304746,+,TCGA-THCA,454,TCGA-EM-A3AO-01A,TCGA-EM-A3AO-01A,1,0,0,0,0
3,100644457,-,5,134679948,-,TCGA-THCA,455,TCGA-EM-A3AO-01A,TCGA-EM-A3AO-01A,1,0,0,0,0
3,100737240,-,5,136062217,-,TCGA-THCA,456,TCGA-EM-A3AO-01A,TCGA-EM-A3AO-01A,1,0,0,0,0
3,170304646,-,20,17158705,-,TCGA-THCA,457,TCGA-EM-A3AO-01A,TCGA-EM-A3AO-01A,1,0,0,0,0
5,134679978,+,20,17161319,+,TCGA-THCA,458,TCGA-EM-A3AO-01A,TCGA-EM-A3AO-01A,1,0,0,0,0
12,7143989,+,12,7218322,-,TCGA-THCA,459,TCGA-EM-A3AO-01A,TCGA-EM-A3AO-01A,1,0,0,0,0
12,7218583,+,20,17158284,-,TCGA-THCA,460,TCGA-EM-A3AO-01A,TCGA-EM-A3AO-01A,1,0,0,0,0
20,26259993,-,20,30185180,-,TCGA-THCA,461,TCGA-EM-A3AO-01A,TCGA-EM-A3AO-01A,1,0,0,0,0
4,49221076,-,20,30638689,+,TCGA-THCA,462,TCGA-EM-A3AR-01A,TCGA-EM-A3AR-01A,1,0,0,0,0
4,92646237,-,4,92649011,+,TCGA-THCA,463,TCGA-EM-A3FN-01A,TCGA-EM-A3FN-01A,1,0,0,0,0
6,58292155,-,6,61158449,-,TCGA-THCA,464,TCGA-EM-A3FQ-01A,TCGA-EM-A3FQ-01A,1,0,0,0,0
9,93808391,+,12,2303244,-,TCGA-THCA,465,TCGA-EM-A3FQ-01A,TCGA-EM-A3FQ-01A,1,0,0,0,0
9,93808396,-,12,2303045,-,TCGA-THCA,466,TCGA-EM-A3FQ-01A,TCGA-EM-A3FQ-01A,1,0,0,0,0
9,93808397,-,12,2303855,+,TCGA-THCA,467,TCGA-EM-A3FQ-01A,TCGA-EM-A3FQ-01A,1,0,0,0,0
10,43114749,-,12,1453678,+,TCGA-THCA,468,TCGA-EM-A3FQ-01A,TCGA-EM-A3FQ-01A,1,0,0,0,0
10,100810121,+,12,2303045,+,TCGA-THCA,469,TCGA-EM-A3FQ-01A,TCGA-EM-A3FQ-01A,1,0,0,0,0
10,100810132,-,10,127829113,-,TCGA-THCA,470,TCGA-EM-A3FQ-01A,TCGA-EM-A3FQ-01A,1,0,0,0,0
10,127827616,+,12,2303859,-,TCGA-THCA,471,TCGA-EM-A3FQ-01A,TCGA-EM-A3FQ-01A,1,0,0,0,0
10,127828804,+,12,1453684,-,TCGA-THCA,472,TCGA-EM-A3FQ-01A,TCGA-EM-A3FQ-01A,1,0,0,0,0
2,186012279,+,2,186255290,-,TCGA-THCA,473,TCGA-EM-A3O3-01A,TCGA-EM-A3O3-01A,1,0,0,0,0
3,82025619,+,6,23695396,-,TCGA-THCA,474,TCGA-EM-A3O3-01A,TCGA-EM-A3O3-01A,1,0,0,0,0
3,82026232,-,13,61984470,+,TCGA-THCA,475,TCGA-EM-A3O3-01A,TCGA-EM-A3O3-01A,1,0,0,0,0
3,82052021,+,6,22521966,+,TCGA-THCA,476,TCGA-EM-A3O3-01A,TCGA-EM-A3O3-01A,1,0,0,0,0
4,15220750,+,4,15421262,-,TCGA-THCA,477,TCGA-EM-A3O3-01A,TCGA-EM-A3O3-01A,1,0,0,0,0
4,15256901,-,6,70242586,-,TCGA-THCA,478,TCGA-EM-A3O3-01A,TCGA-EM-A3O3-01A,1,0,0,0,0
4,15362310,+,13,23072641,+,TCGA-THCA,479,TCGA-EM-A3O3-01A,TCGA-EM-A3O3-01A,1,0,0,0,0
4,15362310,+,13,23072637,-,TCGA-THCA,480,TCGA-EM-A3O3-01A,TCGA-EM-A3O3-01A,1,0,0,0,0
4,43236594,+,4,43244381,-,TCGA-THCA,481,TCGA-EM-A3O3-01A,TCGA-EM-A3O3-01A,1,0,0,0,0
6,20030852,+,13,23072375,+,TCGA-THCA,482,TCGA-EM-A3O3-01A,TCGA-EM-A3O3-01A,1,0,0,0,0
6,20031152,-,6,48713139,+,TCGA-THCA,483,TCGA-EM-A3O3-01A,TCGA-EM-A3O3-01A,1,0,0,0,0
6,22522431,-,13,50057531,+,TCGA-THCA,484,TCGA-EM-A3O3-01A,TCGA-EM-A3O3-01A,1,0,0,0,0
6,23695225,+,13,50057537,-,TCGA-THCA,485,TCGA-EM-A3O3-01A,TCGA-EM-A3O3-01A,1,0,0,0,0
6,48713241,-,13,69170560,-,TCGA-THCA,486,TCGA-EM-A3O3-01A,TCGA-EM-A3O3-01A,1,0,0,0,0
6,48731157,+,13,69139759,+,TCGA-THCA,487,TCGA-EM-A3O3-01A,TCGA-EM-A3O3-01A,1,0,0,0,0
6,48731532,-,13,69015692,-,TCGA-THCA,488,TCGA-EM-A3O3-01A,TCGA-EM-A3O3-01A,1,0,0,0,0
6,67855546,+,15,50741550,-,TCGA-THCA,489,TCGA-EM-A3O3-01A,TCGA-EM-A3O3-01A,1,0,0,0,0
6,70242451,+,13,69170393,+,TCGA-THCA,490,TCGA-EM-A3O3-01A,TCGA-EM-A3O3-01A,1,0,0,0,0
8,24728435,+,8,24746410,-,TCGA-THCA,491,TCGA-EM-A3O3-01A,TCGA-EM-A3O3-01A,1,0,0,0,0
8,28948765,+,8,29025862,-,TCGA-THCA,492,TCGA-EM-A3O3-01A,TCGA-EM-A3O3-01A,1,0,0,0,0
13,23092425,+,13,69015508,+,TCGA-THCA,493,TCGA-EM-A3O3-01A,TCGA-EM-A3O3-01A,1,0,0,0,0
13,61968092,-,13,69139826,-,TCGA-THCA,494,TCGA-EM-A3O3-01A,TCGA-EM-A3O3-01A,1,0,0,0,0
13,61984552,-,13,77000427,+,TCGA-THCA,495,TCGA-EM-A3O3-01A,TCGA-EM-A3O3-01A,1,0,0,0,0
13,65577467,+,13,65582668,-,TCGA-THCA,496,TCGA-EM-A3O3-01A,TCGA-EM-A3O3-01A,1,0,0,0,0
13,77086971,-,15,50739707,+,TCGA-THCA,497,TCGA-EM-A3O3-01A,TCGA-EM-A3O3-01A,1,0,0,0,0
16,62206830,+,16,62221143,-,TCGA-THCA,498,TCGA-EM-A3O3-01A,TCGA-EM-A3O3-01A,1,0,0,0,0
20,30929796,-,22,11287218,-,TCGA-THCA,499,TCGA-EM-A3O3-01A,TCGA-EM-A3O3-01A,1,0,0,0,0
23,87289609,+,23,87293348,-,TCGA-THCA,500,TCGA-EM-A3O3-01A,TCGA-EM-A3O3-01A,1,0,0,0,0
23,87297283,+,23,87310066,-,TCGA-THCA,501,TCGA-EM-A3O3-01A,TCGA-EM-A3O3-01A,1,0,0,0,0
6,58062019,+,6,60816415,-,TCGA-THCA,502,TCGA-EM-A3OA-01A,TCGA-EM-A3OA-01A,1,0,0,0,0
6,57355293,+,6,60257100,-,TCGA-THCA,503,TCGA-EM-A3OB-01A,TCGA-EM-A3OB-01A,1,0,0,0,0
16,84997325,-,16,85149423,+,TCGA-THCA,504,TCGA-EM-A3SY-01A,TCGA-EM-A3SY-01A,1,0,0,0,0
2,95971289,+,2,97134032,+,TCGA-THCA,505,TCGA-EM-A3SZ-01A,TCGA-EM-A3SZ-01A,1,0,0,0,0
2,95971418,-,2,97133843,-,TCGA-THCA,506,TCGA-EM-A3SZ-01A,TCGA-EM-A3SZ-01A,1,0,0,0,0
6,63325692,-,8,137754351,+,TCGA-THCA,507,TCGA-EM-A3SZ-01A,TCGA-EM-A3SZ-01A,1,0,0,0,0
12,99031824,+,12,99648787,-,TCGA-THCA,508,TCGA-EM-A3SZ-01A,TCGA-EM-A3SZ-01A,1,0,0,0,0
1,122033576,-,1,122069269,+,TCGA-THCA,509,TCGA-EM-A4FH-01A,TCGA-EM-A4FH-01A,1,0,0,0,0
8,119973043,-,8,119976005,+,TCGA-THCA,510,TCGA-EM-A4FK-01A,TCGA-EM-A4FK-01A,1,0,0,0,0
4,1550326,+,5,50921572,+,TCGA-THCA,511,TCGA-EM-A4FO-01A,TCGA-EM-A4FO-01A,1,0,0,0,0
7,140337352,+,7,140345867,-,TCGA-THCA,512,TCGA-EM-A4FO-01A,TCGA-EM-A4FO-01A,1,0,0,0,0
1,242271215,-,10,38327295,-,TCGA-THCA,513,TCGA-EM-A4FR-01A,TCGA-EM-A4FR-01A,1,0,0,0,0
2,29223676,+,4,24821863,-,TCGA-THCA,514,TCGA-EM-A4FR-01A,TCGA-EM-A4FR-01A,1,0,0,0,0
2,29246262,-,2,30608978,-,TCGA-THCA,515,TCGA-EM-A4FR-01A,TCGA-EM-A4FR-01A,1,0,0,0,0
2,29258292,+,5,41038729,-,TCGA-THCA,516,TCGA-EM-A4FR-01A,TCGA-EM-A4FR-01A,1,0,0,0,0
2,29259418,-,2,30442990,+,TCGA-THCA,517,TCGA-EM-A4FR-01A,TCGA-EM-A4FR-01A,1,0,0,0,0
2,29261412,+,2,29902209,-,TCGA-THCA,518,TCGA-EM-A4FR-01A,TCGA-EM-A4FR-01A,1,0,0,0,0
2,29263361,-,4,24734876,-,TCGA-THCA,519,TCGA-EM-A4FR-01A,TCGA-EM-A4FR-01A,1,0,0,0,0
2,29323442,+,2,31941155,-,TCGA-THCA,520,TCGA-EM-A4FR-01A,TCGA-EM-A4FR-01A,1,0,0,0,0
2,29408316,-,4,92991991,+,TCGA-THCA,521,TCGA-EM-A4FR-01A,TCGA-EM-A4FR-01A,1,0,0,0,0
2,29411255,+,2,30240080,-,TCGA-THCA,522,TCGA-EM-A4FR-01A,TCGA-EM-A4FR-01A,1,0,0,0,0
2,29412195,-,2,85785287,-,TCGA-THCA,523,TCGA-EM-A4FR-01A,TCGA-EM-A4FR-01A,1,0,0,0,0
2,29440065,+,2,30243721,+,TCGA-THCA,524,TCGA-EM-A4FR-01A,TCGA-EM-A4FR-01A,1,0,0,0,0
2,29441944,-,2,30201943,-,TCGA-THCA,525,TCGA-EM-A4FR-01A,TCGA-EM-A4FR-01A,1,0,0,0,0
2,29509078,+,4,52458796,+,TCGA-THCA,526,TCGA-EM-A4FR-01A,TCGA-EM-A4FR-01A,1,0,0,0,0
2,29510532,-,2,30253189,-,TCGA-THCA,527,TCGA-EM-A4FR-01A,TCGA-EM-A4FR-01A,1,0,0,0,0
2,29864607,+,4,24776896,-,TCGA-THCA,528,TCGA-EM-A4FR-01A,TCGA-EM-A4FR-01A,1,0,0,0,0
2,29865296,-,5,41003265,+,TCGA-THCA,529,TCGA-EM-A4FR-01A,TCGA-EM-A4FR-01A,1,0,0,0,0
2,29895162,+,5,40149484,+,TCGA-THCA,530,TCGA-EM-A4FR-01A,TCGA-EM-A4FR-01A,1,0,0,0,0
2,30195662,+,4,94259665,+,TCGA-THCA,531,TCGA-EM-A4FR-01A,TCGA-EM-A4FR-01A,1,0,0,0,0
2,30203684,+,4,24776700,+,TCGA-THCA,532,TCGA-EM-A4FR-01A,TCGA-EM-A4FR-01A,1,0,0,0,0
2,30243902,-,2,30383106,-,TCGA-THCA,533,TCGA-EM-A4FR-01A,TCGA-EM-A4FR-01A,1,0,0,0,0
2,30253018,+,2,85782822,+,TCGA-THCA,534,TCGA-EM-A4FR-01A,TCGA-EM-A4FR-01A,1,0,0,0,0
2,30317582,+,4,94201386,+,TCGA-THCA,535,TCGA-EM-A4FR-01A,TCGA-EM-A4FR-01A,1,0,0,0,0
2,31839994,+,2,85816605,+,TCGA-THCA,536,TCGA-EM-A4FR-01A,TCGA-EM-A4FR-01A,1,0,0,0,0
2,32043426,+,2,85817051,-,TCGA-THCA,537,TCGA-EM-A4FR-01A,TCGA-EM-A4FR-01A,1,0,0,0,0
2,32043801,-,4,94255632,-,TCGA-THCA,538,TCGA-EM-A4FR-01A,TCGA-EM-A4FR-01A,1,0,0,0,0
2,85742551,+,4,107005668,-,TCGA-THCA,539,TCGA-EM-A4FR-01A,TCGA-EM-A4FR-01A,1,0,0,0,0
2,85779531,-,5,40150035,-,TCGA-THCA,540,TCGA-EM-A4FR-01A,TCGA-EM-A4FR-01A,1,0,0,0,0
4,24626322,+,4,107004714,+,TCGA-THCA,541,TCGA-EM-A4FR-01A,TCGA-EM-A4FR-01A,1,0,0,0,0
4,24820033,+,4,55842254,+,TCGA-THCA,542,TCGA-EM-A4FR-01A,TCGA-EM-A4FR-01A,1,0,0,0,0
4,52459329,-,4,107037775,-,TCGA-THCA,543,TCGA-EM-A4FR-01A,TCGA-EM-A4FR-01A,1,0,0,0,0
4,55846408,-,4,107037752,+,TCGA-THCA,544,TCGA-EM-A4FR-01A,TCGA-EM-A4FR-01A,1,0,0,0,0
4,93019887,-,4,94269336,-,TCGA-THCA,545,TCGA-EM-A4FR-01A,TCGA-EM-A4FR-01A,1,0,0,0,0
7,61822344,+,7,62234878,-,TCGA-THCA,546,TCGA-EM-A4FU-01A,TCGA-EM-A4FU-01A,1,0,0,0,0
17,23051632,+,17,23061120,-,TCGA-THCA,547,TCGA-EM-A4G1-01A,TCGA-EM-A4G1-01A,1,0,0,0,0
1,104680346,-,1,104736575,+,TCGA-THCA,548,TCGA-ET-A25I-01A,TCGA-ET-A25I-01A,1,0,0,0,0
17,22822686,-,17,23180645,+,TCGA-THCA,549,TCGA-ET-A25I-01A,TCGA-ET-A25I-01A,1,0,0,0,0
4,72533676,+,5,101087983,+,TCGA-THCA,550,TCGA-ET-A25K-01A,TCGA-ET-A25K-01A,1,0,0,0,0
11,54353738,-,11,54420136,+,TCGA-THCA,551,TCGA-ET-A25O-01A,TCGA-ET-A25O-01A,1,0,0,0,0
2,110953268,+,7,140897568,+,TCGA-THCA,552,TCGA-ET-A2MX-01A,TCGA-ET-A2MX-01A,1,0,0,0,0
2,110953348,-,2,111265685,-,TCGA-THCA,553,TCGA-ET-A2MX-01A,TCGA-ET-A2MX-01A,1,0,0,0,0
2,111145786,+,7,140786929,+,TCGA-THCA,554,TCGA-ET-A2MX-01A,TCGA-ET-A2MX-01A,1,0,0,0,0
2,221192913,+,7,140899008,-,TCGA-THCA,555,TCGA-ET-A2MX-01A,TCGA-ET-A2MX-01A,1,0,0,0,0
2,221398039,-,7,140836654,-,TCGA-THCA,556,TCGA-ET-A2MX-01A,TCGA-ET-A2MX-01A,1,0,0,0,0
7,68226029,+,7,68474113,-,TCGA-THCA,557,TCGA-ET-A2MX-01A,TCGA-ET-A2MX-01A,1,0,0,0,0
7,141234194,+,12,19220522,+,TCGA-THCA,558,TCGA-ET-A2MX-01A,TCGA-ET-A2MX-01A,1,0,0,0,0
7,141235668,-,12,19238124,-,TCGA-THCA,559,TCGA-ET-A2MX-01A,TCGA-ET-A2MX-01A,1,0,0,0,0
10,43115851,-,10,46012807,-,TCGA-THCA,560,TCGA-ET-A2N1-01A,TCGA-ET-A2N1-01A,1,0,0,0,0
10,43115856,+,10,46012788,+,TCGA-THCA,561,TCGA-ET-A2N1-01A,TCGA-ET-A2N1-01A,1,0,0,0,0
17,21446395,-,17,27004233,+,TCGA-THCA,562,TCGA-ET-A39M-01A,TCGA-ET-A39M-01A,1,0,0,0,0
20,29559036,+,20,30325205,+,TCGA-THCA,563,TCGA-ET-A39M-01A,TCGA-ET-A39M-01A,1,0,0,0,0
17,37814491,-,17,45606979,+,TCGA-THCA,564,TCGA-ET-A39P-01A,TCGA-ET-A39P-01A,1,0,0,0,0
19,34796509,-,19,35135287,+,TCGA-THCA,565,TCGA-ET-A39P-01A,TCGA-ET-A39P-01A,1,0,0,0,0
10,43115867,+,10,59857316,+,TCGA-THCA,566,TCGA-ET-A39R-01A,TCGA-ET-A39R-01A,1,0,0,0,0
10,43116212,-,10,59857626,+,TCGA-THCA,567,TCGA-ET-A39R-01A,TCGA-ET-A39R-01A,1,0,0,0,0
10,43116213,-,10,59857799,-,TCGA-THCA,568,TCGA-ET-A39R-01A,TCGA-ET-A39R-01A,1,0,0,0,0
12,25803208,-,12,103966057,+,TCGA-THCA,569,TCGA-ET-A39T-01A,TCGA-ET-A39T-01A,1,0,0,0,0
5,154010970,-,7,140781923,+,TCGA-THCA,570,TCGA-ET-A3BN-01A,TCGA-ET-A3BN-01A,1,0,0,0,0
5,154011074,+,7,140781849,-,TCGA-THCA,571,TCGA-ET-A3BN-01A,TCGA-ET-A3BN-01A,1,0,0,0,0
6,48517512,+,6,49281170,+,TCGA-THCA,572,TCGA-ET-A3BP-01A,TCGA-ET-A3BP-01A,1,0,0,0,0
11,42330139,+,22,43280396,-,TCGA-THCA,573,TCGA-ET-A3BP-01A,TCGA-ET-A3BP-01A,1,0,0,0,0
11,42332887,-,22,43281069,+,TCGA-THCA,574,TCGA-ET-A3BP-01A,TCGA-ET-A3BP-01A,1,0,0,0,0
9,113170499,-,10,43115008,-,TCGA-THCA,575,TCGA-ET-A3DQ-01A,TCGA-ET-A3DQ-01A,1,0,0,0,0
9,113170555,+,10,43576767,+,TCGA-THCA,576,TCGA-ET-A3DQ-01A,TCGA-ET-A3DQ-01A,1,0,0,0,0
10,43115027,+,10,99975598,-,TCGA-THCA,577,TCGA-ET-A3DQ-01A,TCGA-ET-A3DQ-01A,1,0,0,0,0
10,43116326,+,10,59880629,+,TCGA-THCA,578,TCGA-ET-A3DR-01A,TCGA-ET-A3DR-01A,1,0,0,0,0
10,43116326,-,10,59880629,-,TCGA-THCA,579,TCGA-ET-A3DR-01A,TCGA-ET-A3DR-01A,1,0,0,0,0
1,124977939,+,1,124979886,-,TCGA-THCA,580,TCGA-ET-A40P-01A,TCGA-ET-A40P-01A,1,0,0,0,0
2,65926160,-,2,65965018,+,TCGA-THCA,581,TCGA-ET-A40P-01A,TCGA-ET-A40P-01A,1,0,0,0,0
11,54768884,+,11,54769676,-,TCGA-THCA,582,TCGA-ET-A40P-01A,TCGA-ET-A40P-01A,1,0,0,0,0
15,17042544,+,20,28934169,+,TCGA-THCA,583,TCGA-ET-A40P-01A,TCGA-ET-A40P-01A,1,0,0,0,0
17,21446384,-,17,27004250,+,TCGA-THCA,584,TCGA-ET-A40P-01A,TCGA-ET-A40P-01A,1,0,0,0,0
2,95891707,-,2,97209771,-,TCGA-THCA,585,TCGA-ET-A40Q-01A,TCGA-ET-A40Q-01A,1,0,0,0,0
1,92491210,+,7,71485285,+,TCGA-THCA,586,TCGA-ET-A40S-01A,TCGA-ET-A40S-01A,1,0,0,0,0
1,92655398,-,1,156775294,-,TCGA-THCA,587,TCGA-ET-A40S-01A,TCGA-ET-A40S-01A,1,0,0,0,0
1,92656558,+,7,71528674,-,TCGA-THCA,588,TCGA-ET-A40S-01A,TCGA-ET-A40S-01A,1,0,0,0,0
1,92656935,-,1,156776361,+,TCGA-THCA,589,TCGA-ET-A40S-01A,TCGA-ET-A40S-01A,1,0,0,0,0
1,93168009,+,1,156775291,+,TCGA-THCA,590,TCGA-ET-A40S-01A,TCGA-ET-A40S-01A,1,0,0,0,0
1,93208289,-,7,71484546,-,TCGA-THCA,591,TCGA-ET-A40S-01A,TCGA-ET-A40S-01A,1,0,0,0,0
1,156874326,-,5,179826086,+,TCGA-THCA,592,TCGA-ET-A40S-01A,TCGA-ET-A40S-01A,1,0,0,0,0
5,133081684,-,21,15053920,+,TCGA-THCA,593,TCGA-ET-A40S-01A,TCGA-ET-A40S-01A,1,0,0,0,0
6,159953924,+,6,160009021,-,TCGA-THCA,594,TCGA-ET-A40S-01A,TCGA-ET-A40S-01A,1,0,0,0,0
6,159954194,-,21,15069175,-,TCGA-THCA,595,TCGA-ET-A40S-01A,TCGA-ET-A40S-01A,1,0,0,0,0
6,159955143,+,7,71484445,+,TCGA-THCA,596,TCGA-ET-A40S-01A,TCGA-ET-A40S-01A,1,0,0,0,0
13,27181166,-,13,30611727,-,TCGA-THCA,597,TCGA-ET-A40S-01A,TCGA-ET-A40S-01A,1,0,0,0,0
17,18569223,+,17,50920104,+,TCGA-THCA,598,TCGA-ET-A40S-01A,TCGA-ET-A40S-01A,1,0,0,0,0
7,140798073,+,12,1207137,+,TCGA-THCA,599,TCGA-ET-A4KN-01A,TCGA-ET-A4KN-01A,1,0,0,0,0
7,140798073,-,12,1207137,-,TCGA-THCA,600,TCGA-ET-A4KN-01A,TCGA-ET-A4KN-01A,1,0,0,0,0
4,155845441,+,9,127787709,-,TCGA-THCA,601,TCGA-FE-A22Z-01A,TCGA-FE-A22Z-01A,1,0,0,0,0
4,155845448,-,6,165036879,-,TCGA-THCA,602,TCGA-FE-A22Z-01A,TCGA-FE-A22Z-01A,1,0,0,0,0
4,155845618,+,16,1122515,-,TCGA-THCA,603,TCGA-FE-A22Z-01A,TCGA-FE-A22Z-01A,1,0,0,0,0
5,153662714,-,23,146327318,-,TCGA-THCA,604,TCGA-FE-A22Z-01A,TCGA-FE-A22Z-01A,1,0,0,0,0
6,165036882,-,16,1122515,-,TCGA-THCA,605,TCGA-FE-A22Z-01A,TCGA-FE-A22Z-01A,1,0,0,0,0
14,43307705,+,14,43310652,-,TCGA-THCA,606,TCGA-FE-A22Z-01A,TCGA-FE-A22Z-01A,1,0,0,0,0
15,24163993,-,15,24239003,+,TCGA-THCA,607,TCGA-FE-A22Z-01A,TCGA-FE-A22Z-01A,1,0,0,0,0
16,132335,-,16,2935799,-,TCGA-THCA,608,TCGA-FE-A22Z-01A,TCGA-FE-A22Z-01A,1,0,0,0,0
19,54758995,-,19,54838031,+,TCGA-THCA,609,TCGA-FE-A233-01A,TCGA-FE-A233-01A,1,0,0,0,0
3,194370273,+,9,89043855,-,TCGA-THCA,610,TCGA-FE-A235-01A,TCGA-FE-A235-01A,1,0,0,0,0
3,194370275,-,9,89043854,+,TCGA-THCA,611,TCGA-FE-A235-01A,TCGA-FE-A235-01A,1,0,0,0,0
4,74525340,+,7,117127065,-,TCGA-THCA,612,TCGA-FE-A235-01A,TCGA-FE-A235-01A,1,0,0,0,0
4,74525340,+,9,123821404,-,TCGA-THCA,613,TCGA-FE-A235-01A,TCGA-FE-A235-01A,1,0,0,0,0
4,74525343,-,4,175619032,-,TCGA-THCA,614,TCGA-FE-A235-01A,TCGA-FE-A235-01A,1,0,0,0,0
4,175619020,+,7,107195751,+,TCGA-THCA,615,TCGA-FE-A235-01A,TCGA-FE-A235-01A,1,0,0,0,0
5,84087097,-,5,85536706,-,TCGA-THCA,616,TCGA-FE-A235-01A,TCGA-FE-A235-01A,1,0,0,0,0
5,84087109,+,5,85536756,+,TCGA-THCA,617,TCGA-FE-A235-01A,TCGA-FE-A235-01A,1,0,0,0,0
7,117127064,-,13,95296039,-,TCGA-THCA,618,TCGA-FE-A235-01A,TCGA-FE-A235-01A,1,0,0,0,0
7,117127100,-,9,123821473,+,TCGA-THCA,619,TCGA-FE-A235-01A,TCGA-FE-A235-01A,1,0,0,0,0
19,1441869,+,19,4982910,-,TCGA-THCA,620,TCGA-FE-A235-01A,TCGA-FE-A235-01A,1,0,0,0,0
1,42626799,+,6,117321508,+,TCGA-THCA,621,TCGA-FE-A3PA-01A,TCGA-FE-A3PA-01A,1,0,0,0,0
1,42626843,-,6,117321480,-,TCGA-THCA,622,TCGA-FE-A3PA-01A,TCGA-FE-A3PA-01A,1,0,0,0,0
6,58055888,-,6,60810252,+,TCGA-THCA,623,TCGA-FE-A3PB-01A,TCGA-FE-A3PB-01A,1,0,0,0,0
3,100735679,-,7,116772386,+,TCGA-THCA,624,TCGA-FK-A3S3-01A,TCGA-FK-A3S3-01A,1,0,0,0,0
3,100735837,+,7,116773736,-,TCGA-THCA,625,TCGA-FK-A3S3-01A,TCGA-FK-A3S3-01A,1,0,0,0,0
2,101379256,+,10,49086632,-,TCGA-THCA,626,TCGA-FK-A3SD-01A,TCGA-FK-A3SD-01A,1,0,0,0,0
5,77417220,-,19,53655209,+,TCGA-THCA,627,TCGA-FK-A3SD-01A,TCGA-FK-A3SD-01A,1,0,0,0,0
5,77417225,+,19,53655211,-,TCGA-THCA,628,TCGA-FK-A3SD-01A,TCGA-FK-A3SD-01A,1,0,0,0,0
17,43399988,+,17,43430036,-,TCGA-THCA,629,TCGA-FK-A3SD-01A,TCGA-FK-A3SD-01A,1,0,0,0,0
5,47130718,+,5,47134861,-,TCGA-THCA,630,TCGA-FK-A3SE-01A,TCGA-FK-A3SE-01A,1,0,0,0,0
10,43116550,-,10,59896219,-,TCGA-THCA,631,TCGA-FK-A3SE-01A,TCGA-FK-A3SE-01A,1,0,0,0,0
10,43116569,+,10,59896209,+,TCGA-THCA,632,TCGA-FK-A3SE-01A,TCGA-FK-A3SE-01A,1,0,0,0,0
14,64309879,+,14,64316301,-,TCGA-THCA,633,TCGA-FK-A3SE-01A,TCGA-FK-A3SE-01A,1,0,0,0,0
18,15485094,+,18,15550201,-,TCGA-THCA,634,TCGA-FK-A3SE-01A,TCGA-FK-A3SE-01A,1,0,0,0,0
10,43114869,+,15,85742702,-,TCGA-THCA,635,TCGA-FK-A3SG-01A,TCGA-FK-A3SG-01A,1,0,0,0,0
10,43114872,-,15,85742698,+,TCGA-THCA,636,TCGA-FK-A3SG-01A,TCGA-FK-A3SG-01A,1,0,0,0,0
23,63625588,+,23,116863851,+,TCGA-THCA,637,TCGA-FK-A3SG-01A,TCGA-FK-A3SG-01A,1,0,0,0,0
19,13074183,+,19,19468700,-,TCGA-THCA,638,TCGA-FY-A2QD-01A,TCGA-FY-A2QD-01A,1,0,0,0,0
1,242276677,-,10,38321963,-,TCGA-THCA,639,TCGA-FY-A3I4-01A,TCGA-FY-A3I4-01A,1,0,0,0,0
15,27320294,+,15,31268662,-,TCGA-THCA,640,TCGA-FY-A3W9-01A,TCGA-FY-A3W9-01A,1,0,0,0,0
15,28728808,-,15,35568458,-,TCGA-THCA,641,TCGA-FY-A3W9-01A,TCGA-FY-A3W9-01A,1,0,0,0,0
15,29396678,+,15,34572731,+,TCGA-THCA,642,TCGA-FY-A3W9-01A,TCGA-FY-A3W9-01A,1,0,0,0,0
12,16094282,-,19,22417448,-,TCGA-THCA,643,TCGA-FY-A3WA-01A,TCGA-FY-A3WA-01A,1,0,0,0,0
12,18799397,+,12,20650869,-,TCGA-THCA,644,TCGA-FY-A3WA-01A,TCGA-FY-A3WA-01A,1,0,0,0,0
12,20654740,+,12,24229193,+,TCGA-THCA,645,TCGA-FY-A3WA-01A,TCGA-FY-A3WA-01A,1,0,0,0,0
12,21516803,+,12,22874238,-,TCGA-THCA,646,TCGA-FY-A3WA-01A,TCGA-FY-A3WA-01A,1,0,0,0,0
12,25230451,-,19,24418113,+,TCGA-THCA,647,TCGA-FY-A3WA-01A,TCGA-FY-A3WA-01A,1,0,0,0,0
12,54236245,-,22,19932793,+,TCGA-THCA,648,TCGA-FY-A3WA-01A,TCGA-FY-A3WA-01A,1,0,0,0,0
20,29447838,+,22,11605370,-,TCGA-THCA,649,TCGA-FY-A3YR-01A,TCGA-FY-A3YR-01A,1,0,0,0,0
17,22914795,+,17,23151695,-,TCGA-THCA,650,TCGA-FY-A4B3-01A,TCGA-FY-A4B3-01A,1,0,0,0,0
1,124795659,+,1,124803350,-,TCGA-THCA,651,TCGA-FY-A4B4-01A,TCGA-FY-A4B4-01A,1,0,0,0,0
8,21156149,-,22,16724318,-,TCGA-THCA,652,TCGA-FY-A4B4-01A,TCGA-FY-A4B4-01A,1,0,0,0,0
10,29510389,+,10,30674091,+,TCGA-THCA,653,TCGA-FY-A76V-01A,TCGA-FY-A76V-01A,1,0,0,0,0
5,47026999,-,5,47048512,+,TCGA-THCA,654,TCGA-H2-A421-01A,TCGA-H2-A421-01A,1,0,0,0,0
10,16645955,-,16,17098077,+,TCGA-THCA,655,TCGA-H2-A421-01A,TCGA-H2-A421-01A,1,0,0,0,0
11,43310873,-,20,10118049,+,TCGA-THCA,656,TCGA-IM-A3U2-01A,TCGA-IM-A3U2-01A,1,0,0,0,0
16,64101982,+,23,130557720,-,TCGA-THCA,657,TCGA-IM-A3U2-01A,TCGA-IM-A3U2-01A,1,0,0,0,0
11,63568935,+,11,63589893,-,TCGA-THCA,658,TCGA-IM-A420-01A,TCGA-IM-A420-01A,1,0,0,0,0
1,122137375,-,1,122150311,+,TCGA-THCA,659,TCGA-J8-A3NZ-01A,TCGA-J8-A3NZ-01A,1,0,0,0,0
1,124790297,-,1,124794885,+,TCGA-THCA,660,TCGA-J8-A3YF-01A,TCGA-J8-A3YF-01A,1,0,0,0,0
2,147904671,-,2,147908274,+,TCGA-THCA,661,TCGA-J8-A3YF-01A,TCGA-J8-A3YF-01A,1,0,0,0,0
2,176618905,+,2,176639114,-,TCGA-THCA,662,TCGA-J8-A3YF-01A,TCGA-J8-A3YF-01A,1,0,0,0,0
7,84053011,+,7,84065060,+,TCGA-THCA,663,TCGA-J8-A3YG-01A,TCGA-J8-A3YG-01A,1,0,0,0,0
6,120562604,+,6,120564126,+,TCGA-THCA,664,TCGA-J8-A3YH-01A,TCGA-J8-A3YH-01A,1,0,0,0,0
9,39582332,+,9,42339272,-,TCGA-THCA,665,TCGA-J8-A42S-01A,TCGA-J8-A42S-01A,1,0,0,0,0
10,43115475,+,10,59876108,+,TCGA-THCA,666,TCGA-J8-A4HW-01A,TCGA-J8-A4HW-01A,1,0,0,0,0
10,43115480,-,10,59876109,-,TCGA-THCA,667,TCGA-J8-A4HW-01A,TCGA-J8-A4HW-01A,1,0,0,0,0
3,12227329,-,3,194194092,-,TCGA-THCA,668,TCGA-KS-A41L-01A,TCGA-KS-A41L-01A,1,0,0,0,0
3,12227362,+,3,194194155,+,TCGA-THCA,669,TCGA-KS-A41L-01A,TCGA-KS-A41L-01A,1,0,0,0,0
6,57978929,-,6,60730378,+,TCGA-THCA,670,TCGA-L6-A4ET-01A,TCGA-L6-A4ET-01A,1,0,0,0,0
11,52742338,+,11,53728745,-,TCGA-THCA,671,TCGA-L6-A4ET-01A,TCGA-L6-A4ET-01A,1,0,0,0,0
7,80554511,+,7,80560505,+,TCGA-THCA,672,TCGA-L6-A4EU-01A,TCGA-L6-A4EU-01A,1,0,0,0,0
7,80558559,-,7,80614435,-,TCGA-THCA,673,TCGA-L6-A4EU-01A,TCGA-L6-A4EU-01A,1,0,0,0,0
14,34350692,+,16,6636850,+,TCGA-THCA,674,TCGA-L6-A4EU-01A,TCGA-L6-A4EU-01A,1,0,0,0,0
2,131791329,+,2,228092108,+,TCGA-THCA,675,TCGA-MK-A84Z-01A,TCGA-MK-A84Z-01A,1,0,0,0,0
3,98149947,-,3,98197703,+,TCGA-THCA,676,TCGA-MK-A84Z-01A,TCGA-MK-A84Z-01A,1,0,0,0,0
7,57783552,-,12,37555070,+,TCGA-THCA,677,TCGA-MK-A84Z-01A,TCGA-MK-A84Z-01A,1,0,0,0,0
11,55294754,+,11,55309996,-,TCGA-THCA,678,TCGA-MK-A84Z-01A,TCGA-MK-A84Z-01A,1,0,0,0,0
13,18749035,-,13,18768445,+,TCGA-THCA,679,TCGA-MK-A84Z-01A,TCGA-MK-A84Z-01A,1,0,0,0,0
20,29559037,+,20,30325204,+,TCGA-THCA,680,TCGA-MK-A84Z-01A,TCGA-MK-A84Z-01A,1,0,0,0,0
2,221747401,+,2,221771140,-,TCGA-THCA,681,TCGA-QD-A8IV-01A,TCGA-QD-A8IV-01A,1,0,0,0,0